retaurant_name,address,kecamatan,category,Phones,reviews,rating,google_maps,latitude,longitude,website,domain,working_hour,facility,price_ranges,resto_type,24/7
Mie Sapi Banteng,"Jl. Banteng Utama No.25, Banteng, Sinduharjo, Kec. Ngaglik, Kabupaten Sleman, Daerah Istimewa Yogyakarta 55581","Banteng, Sinduharjo","Noodle restaurant, Chinese restaurant",,2057,4.4,https://www.google.com/maps?cid=3039358550015460014,-7.7343303,110.3901716,https://instagram.com/miesapi.banteng?utm_medium=copy_link,instagram.com,"Minggu: [Tutup], Senin: [11.00-16.00], Selasa: [11.00-16.00], Rabu: [11.00-16.00], Kamis: [11.00-16.00], Jumat: [Tutup], Sabtu: [11.00-16.00]","tempat parkir, ruangan indoor, ruang tunggu",1,2,no
Gudeg Sagan,"JL Prof. Dr Jl. Prof. Herman Yohanes No.53, Samirono, Caturtunggal, Depok, Sleman Regency, Special Region of Yogyakarta 55223","Samirono, Caturtunggal","Indonesian restaurant, Javanese restaurant, Authentic restaurant","0851-0044-3035, +62 851-0044-3035",5421,4.7,https://www.google.com/maps?cid=3915711396620280281,-7.777918,110.3797758,,,"Minggu: [8.00-21.00], Senin: [8.00-21.00], Selasa: [8.00-21.00], Rabu: [8.00-21.00], Kamis: [8.00-21.00], Jumat: [8.00-21.00], Sabtu: [8.00-21.00]","tempat parkir, live music, ruangan indoor, ruangan outdoor, layanan antar makanan, mushalla / tempat shalat, smoking room, toilet umum, fasilitas untuk penyandang disabilitas",3,5,no
BRICafe X Couvee,"Jl. Sagan Tim. No.123, Terban, Kec. Gondokusuman, Kota Yogyakarta, Daerah Istimewa Yogyakarta 55223",Terban,Coffee shop,"(0274) 5012463, +62 274 5012463",1028,4.6,https://www.google.com/maps?cid=2622049478280246299,-7.780584,110.3786765,http://couvee.co.id/,couvee.co.id,"Minggu: [8.00-23.00], Senin: [8.00-23.00], Selasa: [8.00-23.00], Rabu: [8.00-23.00], Kamis: [8.00-23.00], Jumat: [8.00-23.00], Sabtu: [8.00-23.00]","tempat parkir, colokan, wifi, mushalla / tempat shalat, atm, ruangan indoor, ruangan outdoor, ruangan meeting, smoking area, toilet umum",3,3,no
Fore Coffee - Kaliurang,"Kaliurang St No.KM 5, Karang Wuni, Caturtunggal, Depok, Sleman Regency, Special Region of Yogyakarta 55153","Kaliurang St No.KM 5, Karang Wuni, Caturtunggal",Coffee shop,,1189,4.4,https://www.google.com/maps?cid=5092700768130569633,-7.7602584,110.3810651,http://profile.fore.coffee/,profile.fore.coffee,"Minggu: [7.00-23.45], Senin: [7.00-23.45], Selasa: [7.00-23.45], Rabu: [7.00-23.45], Kamis: [7.00-23.45], Jumat: [7.00-23.45], Sabtu: [7.00-23.45]","tempat parkir, colokan, wifi, ruangan indoor, ruangan outdoor, ruangan meeting, smoking area, toilet umum, fasilitas untuk penyandang disabilitas",3,3,no
Seven Stones Rainforest Coffee,"Karang Wuni, Caturtunggal, Kec. Depok, Kabupaten Sleman, Daerah Istimewa Yogyakarta 55284",Caturtunggal,Coffee shop,"0821-3744-4623, +62 821-3744-4623",894,4.6,https://www.google.com/maps?cid=8542407273452079707,-7.7602921,110.379575,https://www.instagram.com/7stones.yk/,instagram.com,"Minggu: [9.00-23.00], Senin: [9.00-23.00], Selasa: [9.00-23.00], Rabu: [9.00-23.00], Kamis: [9.00-23.00], Jumat: [9.00-23.00], Sabtu: [9.00-23.00]","tempat parkir, colokan, wifi, mushalla / tempat shalat, ruangan indoor, ruangan outdoor, smoking area, toilet umum",3,3,no
Oppio Coffee,"Jl. Nglengkong Besi No.11, Area Sawah, Sukoharjo, Kec. Ngaglik, Kabupaten Sleman, Daerah Istimewa Yogyakarta 55581","Area Sawah, Sukoharjo",Coffee shop,"0812-3999-9082, +62 812-3999-9082",681,4.3,https://www.google.com/maps?cid=16889860606226609573,-7.707374,110.422012,https://www.instagram.com/oppio.coffee/?hl=en,instagram.com,"Minggu: [14.00-22.00], Senin: [14.00-22.00], Selasa: [14.00-22.00], Rabu: [14.00-22.00], Kamis: [14.00-22.00], Jumat: [14.00-22.00], Sabtu: [14.00-22.00]","tempat parkir, colokan, wifi, mushalla / tempat shalat, live music, ruangan indoor, ruangan outdoor, smoking area, toilet umum, fasilitas untuk penyandang disabilitas",3,3,no
Rumah Makan Padang Sederhana,"Kaliurang St No.5, RW.6, Manggung, Caturtunggal, Depok, Sleman Regency, Special Region of Yogyakarta 55281","RW.6, Manggung, Caturtunggal","Padang restaurant, Indonesian restaurant, Breakfast restaurant","(0274) 550000, +62 274 550000",3833,4.5,https://www.google.com/maps?cid=8229667722706303150,-7.7572944,110.382419,http://www.restoransederhana.id/,restoransederhana.id,"Minggu: [08.00-22.00], Senin: [08.00-22.00], Selasa: [08.00-22.00], Rabu: [08.00-22.00], Kamis: [08.00-22.00], Jumat: [08.00-22.00], Sabtu: [08.00-22.00]","tempat parkir, ruangan indoor, ruangan outdoor, toilet umum, fasilitas untuk penyandang disabilitas",3,4,no
Warung Kopi Klotok,"Jalan Kaliurang No.KM.16, Area Sawah, Pakembinangun, Kec. Pakem, Kabupaten Sleman, Daerah Istimewa Yogyakarta 55582","Area Sawah, Pakembinangun","Indonesian restaurant, Authentic restaurant, Breakfast restaurant","0822-3131-2004, +62 822-3131-2004",31221,4.5,https://www.google.com/maps?cid=4324110278035839068,-7.6703429,110.4213061,,,"Minggu: [7.00-9:30 PM], Senin: [7.00-9:30 PM], Selasa: [7.00-9:30 PM], Rabu: [7.00-9:30 PM], Kamis: [7.00-9:30 PM], Jumat: [7.00-9:30 PM], Sabtu: [7.00-9:30 PM]","tempat parkir, ruangan indoor, ruangan outdoor, smoking area, toilet umum",1,2,no
Tanbo,"Jl. Palem Raya, Tambakan, Sinduharjo, Kec. Ngaglik, Kabupaten Sleman, Daerah Istimewa Yogyakarta 55581","Tambakan, Sinduharjo","Cafe, Instagrammable","0895-3879-77500, +62 895-3879-77500",2791,4.1,https://www.google.com/maps?cid=1754883240596300611,-7.7316269,110.3992537,,,"Minggu: [10.00-22.00], Senin: [10.00-22.00], Selasa: [10.00-22.00], Rabu: [10.00-22.00], Kamis: [10.00-22.00], Jumat: [10.00-22.00], Sabtu: [10.00-22.00]","tempat parkir, colokan, wifi, mushalla / tempat shalat, live music, ruangan indoor, ruangan outdoor, smoking area, toilet umum",3,3,no
Tilasawa Coffee Roaster,"Jl. Kakatua No.100, Manukan, Condongcatur, Kec. Depok, Kabupaten Sleman, Daerah Istimewa Yogyakarta 55281","Manukan, Condongcatur",Coffee Shop,"0813-8644-7563, +62 813-8644-7563",800,4.5,https://www.google.com/maps?cid=8938181681560018436,-7.7426969,110.4010651,http://www.instagram.com/tilasawacoffee,instagram.com,"Minggu: [Buka 24 jam], Senin: [Buka 24 jam], Selasa: [Buka 24 jam], Rabu: [Buka 24 jam], Kamis: [Buka 24 jam], Jumat: [Buka 24 jam], Sabtu: [Buka 24 jam]","tempat parkir, colokan, wifi, mushalla / tempat shalat, live music, ruangan indoor, ruangan outdoor, smoking area, toilet umum",3,3,yes
Sushi Tei,"Jl. Komp. Colombo Jl. Affandi No.9, Mrican, Caturtunggal, Kec. Depok, Kabupaten Sleman, Daerah Istimewa Yogyakarta 55222","Mrican, Caturtunggal",Japanese restaurant,"(0274) 552637, +62 274 552637",6493,4.6,https://www.google.com/maps?cid=7642400801098452480,-7.7789449,110.3886974,http://www.sushitei.co.id/,sushitei.co.id,"Minggu: [10.00-21.00], Senin: [10.00-21.00], Selasa: [10.00-21.00], Rabu: [10.00-21.00], Kamis: [10.00-21.00], Jumat: [10.00-21.00], Sabtu: [10.00-21.00]","tempat parkir, ruangan indoor, ruangan meeting, toilet umum, fasilitas untuk penyandang disabilitas",5,5,no
Chingu Cafe,"Jl. Pandega Karya No. 18, Jl. Kaliurang No.KM 5, Yogyakarta, Daerah Istimewa Yogyakarta 55281",Jl. Kaliurang No.KM 5,"Korean restaurant, Instagrammable","0815-7334-2689, +62 815-7334-2689",5856,4.5,https://www.google.com/maps?cid=4594440703139688106,-7.7574832,110.3845716,http://www.chingucafe.com/store,chingucafe.com,"Rabu:[10.00-22.00], Kamis:[10.00-22.00], Jumat:[10.00-22.00], Sabtu:[10.00-22.00], Minggu:[10.00-22.00], Senin:[10.00-22.00], Selasa:[10.00-22.00]","tempat parkir, colokan, wifi, mushalla / tempat shalat, ruangan indoor, ruangan outdoor, toilet umum",3,5,no
Ayam Pedas Arto Moro,"Jalan Palagan Tentara Pelajar Km.7,8 No.30s, Karang Moko, Sariharjo, Kec. Ngaglik, Kabupaten Sleman, Daerah Istimewa Yogyakarta 55581","Karang Moko, Sariharjo","Chicken restaurant, Indonesian restaurant, Authentic restaurant","0851-0446-0855, +62 851-0446-0855",3102,4.6,https://www.google.com/maps?cid=548948224340421097,-7.7319692,110.3784334,,,"Minggu: [10.00-21.00], Senin: [10.00-21.00], Selasa: [10.00-21.00], Rabu: [10.00-21.00], Kamis: [10.00-21.00], Jumat: [10.00-21.00], Sabtu: [10.00-21.00]","tempat parkir, ruangan indoor, smoking area, toilet umum",3,2,no
Filosofi Kopi Jogja,"Jl. Pandhawa No.001/17, Tegal Rejo, Sariharjo, Kec. Ngaglik, Kabupaten Sleman, Daerah Istimewa Yogyakarta 55581","Tegal Rejo, Sariharjo",Coffee shop,"0817-0737-027, +62 817-0737-027",10662,4.5,https://www.google.com/maps?cid=17303798880899367381,-7.7276491,110.3769876,http://www.filosofikopi.id/,filosofikopi.id,"Rabu:[7.00-22.00], Kamis:[7.00-22.00], Jumat:[7.00-22.00], Sabtu:[7.00-22.00], Minggu:[7.00-22.00], Senin:[7.00-22.00], Selasa:[7.00-22.00]","tempat parkir, colokan, wifi, mushalla / tempat shalat, ruangan outdoor, smoking area, toilet umum",3,3,no
Tempo Gelato,"Kaliurang St No.KM.5 No.98, Kocoran, Sinduadi, Mlati, Sleman Regency, Special Region of Yogyakarta 55284","Kocoran, Sinduadi",Ice cream shop,"(0274) 545654, +62 274 545654",18083,4.6,https://www.google.com/maps?cid=11853953830765330876,-7.7627172,110.3796997,http://www.tempogelato.com/,tempogelato.com,"Rabu:[9.00-10:30 PM], Kamis:[9.00-10:30 PM], Jumat:[9.00-10:30 PM], Sabtu:[9.00-10:30 PM], Minggu:[9.00-10:30 PM], Senin:[9.00-10:30 PM], Selasa:[9.00-10:30 PM]","tempat parkir, ruangan indoor, toilet umum",3,4,no
Tempo Gelato Prawirotaman,"Jl. Prawirotaman No.38B, Brontokusuman, Kec. Mergangsan, Kota Yogyakarta, Daerah Istimewa Yogyakarta 55153",Brontokusuman,Ice cream shop,"(0274) 4291031, +62 274 4291031",19996,4.7,https://www.google.com/maps?cid=13244037186037591406,-7.8196695,110.3725439,http://www.tempogelato.com/,tempogelato.com,"Rabu:[9.00-10:30 PM], Kamis:[9.00-10:30 PM], Jumat:[9.00-10:30 PM], Sabtu:[9.00-10:30 PM], Minggu:[9.00-10:30 PM], Senin:[9.00-10:30 PM], Selasa:[9.00-10:30 PM]","tempat parkir, ruangan indoor, toilet umum",3,4,no
EL PRIMO SAUSAGE & DAIRY,"Jl. Palagan Tentara Pelajar Jl. Rejodani, RT.004/RW.004, Tambak Rejo, Sariharjo, Kec. Ngaglik, Kabupaten Sleman, Daerah Istimewa Yogyakarta 55581","RT.004/RW.004, Tambak Rejo, Sariharjo","Italian restaurant, Ice cream shop, Europian restaurant, Pizza restaurant, Vegetarian","(0274) 2885986, +62 274 2885986",977,4.6,https://www.google.com/maps?cid=7318333902577738236,-7.7088815,110.3876851,http://instagram.com/elprimosausagedairy,instagram.com,"Rabu:[11.00-22.00], Kamis:[11.00-22.00], Jumat:[11.00-22.00], Sabtu:[7.00-22.00], Minggu:[7.00-22.00], Senin:[11.00-22.00], Selasa:[11.00-22.00]","tempat parkir, colokan, wifi, mushalla / tempat shalat, ruangan indoor, ruangan outdoor, toilet umum, fasilitas untuk penyandang disabilitas",3,5,no
Giorno's Pizzeria,"Ambarukmo 377A, Ambarukmo, Caturtunggal, Kec. Depok, Kabupaten Sleman, Daerah Istimewa Yogyakarta 55281","Ambarukmo, Caturtunggal","Italian restaurant, Ice cream shop, Instagrammable","0895-3254-45802, +62 895-3254-45802",292,4.8,https://www.google.com/maps?cid=8586889228977847805,-7.7836681,110.4012398,,,"Rabu:[15.00-22.00], Kamis:[15.00-22.00], Jumat:[15.00-22.00], Sabtu:[15.00-22.00], Minggu:[15.00-22.00], Senin:[15.00-22.00], Selasa:[15.00-22.00]","tempat parkir, colokan, ruangan indoor, toilet umum, fasilitas untuk penyandang disabilitas",3,5,no
RM Duta Minang,"Jalan Magelang Km. 4 No.218, Sinduadi, Mlati, Rogoyudan, Sinduadi, Kec. Mlati, Kabupaten Sleman, Daerah Istimewa Yogyakarta 55284","Rogoyudan, Sinduadi","Padang restaurant, Indonesian restaurant","(0274) 580243, +62 274 580243",1088,4.4,https://www.google.com/maps?cid=14786480710186272481,-7.767723,110.361664,http://www.dutaminang.com/,dutaminang.com,"Rabu:[Buka 24 jam], Kamis:[Buka 24 jam], Jumat:[Buka 24 jam], Sabtu:[Buka 24 jam], Minggu:[Buka 24 jam], Senin:[Buka 24 jam], Selasa:[Buka 24 jam]","tempat parkir, ruangan indoor, toilet umum",3,4,yes
RM. Duta Minang Gowongan,"Jl. Jend. Sudirman No.42, Gowongan, Kec. Jetis, Kota Yogyakarta, Daerah Istimewa Yogyakarta 55233",Gowongan,"Padang restaurant, Indonesian restaurant, Breakfast restaurant","(0274) 562578, +62 274 562578",2525,4.4,https://www.google.com/maps?cid=1118883222137250739,-7.783119,110.3702831,http://www.dutaminang.com/,dutaminang.com,"Rabu:[7.00-00.00], Kamis:[7.00-00.00], Jumat:[7.00-00.00], Sabtu:[7.00-00.00], Minggu:[7.00-00.00], Senin:[7.00-00.00], Selasa:[7.00-00.00]","tempat parkir, ruangan indoor, toilet umum",3,4,no
Golden Geisha,"Jogja City Mall, Jalan Magelang, Kutu Tegal, Sinduadi, Mlati, Sleman, Kota Yogyakarta, Daerah Istimewa Yogyakarta 55284",Kota Yogyakarta,"Ramen restaurant, Japanese retaurant",,1513,4.6,https://www.google.com/maps?cid=6573660714903145917,-7.7532064,110.3608984,https://instagram.com/goldengeisha.id?utm_medium=copy_link,instagram.com,"Rabu:[11.00-15.00], Kamis:[11.00-15.00], Jumat:[11.00-15.00], Sabtu:[11.00-15.00], Minggu:[11.00-15.00], Senin:[11.00-15.00], Selasa:[11.00-15.00]","tempat parkir, ruangan indoor, toilet umum",3,5,no
Swasana by Temata Yogyakarta,"Kaliurang St No.Km.9, Gondangan, Sardonoharjo, Ngaglik, Sleman Regency, Special Region of Yogyakarta 55581","Gondangan, Sardonoharjo","Restaurant, Authentic restaurant, Instagrammable","0812-2866-3338, +62 812-2866-3338",951,4.6,https://www.google.com/maps?cid=712857155967489438,-7.7259841,110.4004614,https://swasana.id/,swasana.id,"Rabu:[9.00-22.00], Kamis:[9.00-22.00], Jumat:[9.00-22.00], Sabtu:[9.00-22.00], Minggu:[9.00-22.00], Senin:[9.00-22.00], Selasa:[9.00-22.00]","tempat parkir, colokan, live music, wifi, mushalla / tempat shalat, ruangan indoor, ruangan outdoor, ruangan meeting, toilet umum, fasilitas untuk penyandang disabilitas",3,5,no
Susu dan Roti Bakar Om Bob,"Lojajar, Sinduharjo, Ngaglik, Sleman Regency, Special Region of Yogyakarta 55581",Kec. Ngaglik,"Indonesian restaurant, Dinner","0881-7668-169, +62 881-7668-169",1443,4.2,https://www.google.com/maps?cid=5667094376835021434,-7.7241891,110.38526,,,"Rabu:[15.00-23.00], Kamis:[15.00-23.00], Jumat:[15.00-23.00], Sabtu:[15.00-00.00], Minggu:[15.00-00.00], Senin:[15.00-23.00], Selasa:[15.00-23.00]","tempat parkir, colokan, mushalla / tempat shalat, live music",3,2,no
Susu dan Roti Bakar Om Bob Nologaten,"Jl. Nologaten No.77 A, Nologaten, Caturtunggal, Kec. Depok, Kabupaten Sleman, Daerah Istimewa Yogyakarta 55281","Nologaten, Caturtunggal","Indonesian restaurant, Dinner","0888-0650-4281, +62 888-0650-4281",139,4.1,https://www.google.com/maps?cid=11893512844481016450,-7.7756823,110.4007239,,,"Rabu:[15.00-23.00], Kamis:[15.00-23.00], Jumat:[15.00-23.00], Sabtu:[15.00-23.00], Minggu:[15.00-23.00], Senin:[15.00-23.00], Selasa:[15.00-23.00]","tempat parkir, colokan, mushalla / tempat shalat, live music",3,2,no
Susu dan Roti Bakar Om Bob Maguwo,"Jl. Beringin Raya, Denokan, Maguwoharjo, Kec. Depok, Kabupaten Sleman, Daerah Istimewa Yogyakarta 55281","Denokan, Maguwoharjo","Indonesian restaurant, Dinner","0882-1603-2741, +62 882-1603-2741",182,4.4,https://www.google.com/maps?cid=5039473529615941287,-7.7593883,110.4285521,,,"Rabu:[15.00-23.00], Kamis:[15.00-23.00], Jumat:[15.00-23.00], Sabtu:[15.00-23.00], Minggu:[15.00-23.00], Senin:[15.00-23.00], Selasa:[15.00-23.00]","tempat parkir, colokan, mushalla / tempat shalat, live music",3,2,no
Susu dan Roti Bakar Om Bob Godean,"Modinan, Banyuraden, Kec. Gamping, Kabupaten Sleman, Daerah Istimewa Yogyakarta 55293","Modinan, Banyuraden","Indonesian restaurant, Dinner","0851-5619-7653, +62 851-5619-7653",193,4,https://www.google.com/maps?cid=883407607448768207,-7.7786875,110.3379375,,,"Rabu:[15.00-23.00], Kamis:[15.00-23.00], Jumat:[15.00-23.00], Sabtu:[15.00-00.00], Minggu:[15.00-00.00], Senin:[15.00-23.00], Selasa:[15.00-23.00]","tempat parkir, colokan, mushalla / tempat shalat, live music",3,2,no
Nasi Goreng Sapi Padmanaba,"Jl. Yos Sudarso, Kotabaru, Kec. Gondokusuman, Kota Yogyakarta, Daerah Istimewa Yogyakarta 55224",Jl. Yos Sudarso,"Indonesian restaurant, Dinner, Fried rice restaurant",,6112,4.4,https://www.google.com/maps?cid=9314296293612873944,-7.7868817,110.3731669,,,"Rabu:[18.00-00.00], Kamis:[18.00-00.00], Jumat:[18.00-00.00], Sabtu:[18.00-00.00], Minggu:[18.00-00.00], Senin:[18.00-00.00], Selasa:[18.00-00.00]",tempat parkir,1,2,no
Nasi Goreng Sapi Kantor Notaris,"Jl. Atmosukarto No.11, Kotabaru, Kec. Gondokusuman, Kota Yogyakarta, Daerah Istimewa Yogyakarta 55224",Kotabaru,"Indonesian restaurant, Dinner, Fried rice restaurant",,2907,4.5,https://www.google.com/maps?cid=16057555073166694864,-7.7882456,110.3774233,,,"Rabu:[18.00-21.00], Kamis:[18.00-21.00], Jumat:[18.00-21.00], Sabtu:[18.00-21.00], Minggu:[18.00-21.00], Senin:[18.00-21.00], Selasa:[Tutup]",tempat parkir,1,2,no
Oharang BBQ Jogja (아랑),"Jl. Magelang.135, RW No.49, Kutu Asem, Sinduadi, Mlati, Sleman Regency, Special Region of Yogyakarta 55284",RW No.49,"Korean barbecue, AUCE","0821-3488-1123, +62 821-3488-1123",659,4.6,https://www.google.com/maps?cid=16467560377123373565,-7.7634175,110.3616018,,,"Rabu:[10.00-22.00], Kamis:[10.00-22.00], Jumat:[10.00-22.00], Sabtu:[10.00-22.00], Minggu:[10.00-22.00], Senin:[10.00-22.00], Selasa:[10.00-22.00]","tempat parkir, mushalla / tempat shalat, ruangan indoor, toilet umum",5,5,no
Seorae,"Jl. Demangan Baru No.20, Demangan Baru, Caturtunggal, Kec. Depok, Kabupaten Sleman, Daerah Istimewa Yogyakarta 55281","Demangan Baru, Caturtunggal","Korean barbecue restaurant, Barbecue restaurant, Restaurant, AUCE","(0274) 4331377, +62 274 4331377",1407,4.4,https://www.google.com/maps?cid=12441613788056945859,-7.7775942,110.3929473,https://instagram.com/seoraejogja,instagram.com,"Rabu:[11.00-22.00], Kamis:[11.00-22.00], Jumat:[11.00-22.00], Sabtu:[11.00-22.00], Minggu:[11.00-22.00], Senin:[11.00-22.00], Selasa:[11.00-22.00]","tempat parkir, mushalla / tempat shalat, ruangan indoor, toilet umum",5,5,no
Gyu-Kaku Japanese BBQ,"Jl. Suroto No.3, Kotabaru, Kec. Gondokusuman, Kota Yogyakarta, Daerah Istimewa Yogyakarta 55224",Kotabaru,"Yakiniku restaurant, Japanese restaurant, AUCE","(0274) 5019988, +62 274 5019988",641,4.6,https://www.google.com/maps?cid=12389698773482218047,-7.7853706,110.3743081,http://menu.gyu-kaku.id/,menu.gyu-kaku.id,"Rabu:[11.00-21.00], Kamis:[11.00-21.00], Jumat:[11.00-21.00], Sabtu:[11.00-21.00], Minggu:[11.00-21.00], Senin:[11.00-21.00], Selasa:[11.00-21.00]","tempat parkir, mushalla / tempat shalat, ruangan indoor, toilet umum",5,5,no
Kakkoii Japanese BBQ & Shabu-Shabu,"Magelang St No.222, Rogoyudan, Sinduadi, Mlati, Sleman Regency, Special Region of Yogyakarta 55284",Magelang St No.222,"Japanese restaurant, AUCE","0822-6835-5758, +62 822-6835-5758",2736,4.7,https://www.google.com/maps?cid=1836365535008972389,-7.7674545,110.3617657,http://kakkoii.co.id/,kakkoii.co.id,"Rabu:[11.00-21.00], Kamis:[11.00-21.00], Jumat:[11.00-21.00], Sabtu:[11.00-21.00], Minggu:[11.00-21.00], Senin:[11.00-21.00], Selasa:[11.00-21.00]","tempat parkir, mushalla / tempat shalat, ruangan indoor, toilet umum",5,5,no
Shabu AUCE,"Jl. Jend. Sudirman No.3, Cokrodiningratan, Kec. Jetis, Kota Yogyakarta, Daerah Istimewa Yogyakarta 55233",Cokrodiningratan,"Shabu-shabu restaurant, Japanese restaurant, AUCE","(0274) 2923410, +62 274 2923410",1838,4.5,https://www.google.com/maps?cid=16505472377861742907,-7.7826622,110.3674611,,,"Rabu:[11.00-22.00], Kamis:[11.00-22.00], Jumat:[11.00-22.00], Sabtu:[11.00-22.00], Minggu:[11.00-22.00], Senin:[11.00-22.00], Selasa:[11.00-22.00]","tempat parkir, mushalla / tempat shalat, ruangan indoor, toilet umum",5,5,no
Milk by Artemy,"Jl. Kranggan No.58, Cokrodiningratan, Kec. Jetis, Kota Yogyakarta, Daerah Istimewa Yogyakarta 55233",Cokrodiningratan,"Ice cream shop, Cafe, Western restaurant, Instagrammable","0878-3429-4845, +62 878-3429-4845",3524,4.6,https://www.google.com/maps?cid=18065104557149422056,-7.7814143,110.3636896,,,"Rabu:[10.00-21.00], Kamis:[10.00-21.00], Jumat:[10.00-21.00], Sabtu:[10.00-21.00], Minggu:[10.00-21.00], Senin:[10.00-21.00], Selasa:[10.00-21.00]","tempat parkir, colokan, wifi, mushalla / tempat shalat, ruangan indoor",3,4,no
Sakapatat Brew House & Resto,"Jl. Pakuningratan No.34, Cokrodiningratan, Kec. Jetis, Kota Yogyakarta, Daerah Istimewa Yogyakarta 55233",Cokrodiningratan,"Bar & grill, Bar, Beer store, Restaurant","(0274) 2921354, +62 274 2921354",2873,4.5,https://www.google.com/maps?cid=14336551925904533749,-7.7806394,110.3642638,https://linktr.ee/sakapatat,linktr.ee,"Rabu:[17.00-01.00], Kamis:[17.00-01.00], Jumat:[17.00-01.00], Sabtu:[17.00-01.00], Minggu:[17.00-01.00], Senin:[17.00-01.00], Selasa:[17.00-01.00]","tempat parkir, ruangan indoor, ruangan outdoor",5,5,no
Izakaya,"Jl. Ngapak - Kentheng No.18, Kembang, Ngestiharjo, Kec. Kasihan, Kabupaten Bantul, Daerah Istimewa Yogyakarta 55184","Kembang, Ngestiharjo","Japanese restaurant, Instagrammable, Ramen restaurant","0821-3668-0003, +62 821-3668-0003",719,4.8,https://www.google.com/maps?cid=6742920667481928808,-7.7807027,110.3489786,,,"Rabu:[11.00-22.00], Kamis:[11.00-22.00], Jumat:[11.00-22.00], Sabtu:[11.00-22.00], Minggu:[11.00-22.00], Senin:[11.00-22.00], Selasa:[11.00-22.00]","tempat parkir, colokan, wifi, mushalla / tempat shalat, ruangan indoor",5,5,no
Ramenhead,"Jl. Pandega Karya No.20, Manggung, Caturtunggal, Kec. Depok, Kabupaten Sleman, Daerah Istimewa Yogyakarta 55281","Manggung, Caturtunggal","Ramen restaurant, Japanese restaurant",,541,4.5,https://www.google.com/maps?cid=14206755196425147277,-7.7575685,110.3850227,https://instagram.com/ramenhead.co,instagram.com,"Rabu:[11.00-22.00], Kamis:[11.00-22.00], Jumat:[11.00-22.00], Sabtu:[11.00-22.00], Minggu:[11.00-22.00], Senin:[11.00-22.00], Selasa:[11.00-22.00]","tempat parkir, ruangan indoor, ruangan outdoor, smoking area, toilet umum",3,5,no
BAKI by D'Monaco,"Jl. Raya Randugowang, Jatirejo, Sariharjo, Kec. Ngaglik, Kabupaten Sleman, Daerah Istimewa Yogyakarta 55285","Jatirejo, Sariharjo","Europian restaurant, Instagrammable","(0274) 2880288, +62 274 2880288",861,4.4,https://www.google.com/maps?cid=10669901489734163913,-7.7305953,110.3748637,https://dmonacoyogya.com/,dmonacoyogya.com,"Rabu:[11.00-22.00], Kamis:[11.00-22.00], Jumat:[11.00-22.00], Sabtu:[11.00-22.00], Minggu:[11.00-22.00], Senin:[11.00-22.00], Selasa:[11.00-22.00]","tempat parkir, colokan, wifi, mushalla / tempat shalat, ruangan indoor, ruangan outdoor, ruangan meeting, toilet umum, fasilitas untuk penyandang disabilitas",5,5,no
Kanari Society & Space,"Jl. Cemp. Baru, Dero, Condongcatur, Kec. Depok, Kabupaten Sleman, Daerah Istimewa Yogyakarta 55281","Dero, Condongcatur",Coffee Shop,"0821-4510-7699, +62 821-4510-7699",198,4.5,https://www.google.com/maps?cid=7123574188099213651,-7.7519336,110.4073031,https://www.instagram.com/kanarisocietyandspace/,instagram.com,"Rabu:[10.00-00.00], Kamis:[10.00-00.00], Jumat:[10.00-00.00], Sabtu:[10.00-00.00], Minggu:[10.00-00.00], Senin:[10.00-00.00], Selasa:[10.00-00.00]","tempat parkir, colokan, wifi, mushalla / tempat shalat, ruangan indoor, ruangan outdoor, smoking room, toilet umum",3,5,no
TRILOGI COFFEE,"Jl. Palagan Tentara Pelajar No.8.6, Tegal Rejo, Sariharjo, Kec. Ngaglik, Kabupaten Sleman, Daerah Istimewa Yogyakarta 55581","Tegal Rejo, Sariharjo",Coffee Shop,"(0274) 2833724, +62 274 2833724",885,4.6,https://www.google.com/maps?cid=5894695109759694343,-7.7229404,110.3819204,,,"Rabu:[08.00-23.00], Kamis:[08.00-23.00], Jumat:[08.00-23.00], Sabtu:[08.00-23.00], Minggu:[08.00-23.00], Senin:[08.00-23.00], Selasa:[08.00-23.00]","tempat parkir, colokan, wifi, mushalla / tempat shalat, ruangan indoor, ruangan outdoor, toilet umum",3,3,no
Dummin Coffee & Space UKDW,"Jl. Dr. Wahidin Sudirohusodo No.34, RT.14/RW.04, Klitren, Kec. Gondokusuman, Kota Yogyakarta, Daerah Istimewa Yogyakarta 55222","RT.14/RW.04, Klitren",Coffee Shop,"0818-989-982, +62 818-989-982",120,4.3,https://www.google.com/maps?cid=16864621925381014230,-7.786218,110.37886,,,"Rabu:[Buka 24 jam], Kamis:[Buka 24 jam], Jumat:[Buka 24 jam], Sabtu:[Buka 24 jam], Minggu:[Buka 24 jam], Senin:[Buka 24 jam], Selasa:[Buka 24 jam]","tempat parkir, colokan, wifi, mushalla / tempat shalat, ruangan indoor, ruangan outdoor, ruangan meeting, toilet umum",3,3,yes
Enam Langit by Plataran,"Butuh, Candirejo, Kec. Borobudur, Kabupaten Magelang, Jawa Tengah 56553",Borobudur,"Indonesian restaurant, Authentic restaurant, Europian restaurant, Instagrammable, Breakfast restaurant","0811-262-880, +62 811-262-880",1575,4.6,https://www.google.com/maps?cid=18420091967437576912,-7.6350116,110.2187796,https://www.plataran.com/enam-langit/,plataran.com,"Rabu:[07.00-19.00], Kamis:[07.00-19.00], Jumat:[07.00-19.00], Sabtu:[07.00-19.00], Minggu:[07.00-19.00], Senin:[07.00-19.00], Selasa:[07.00-19.00]","tempat parkir, colokan, wifi, mushalla / tempat shalat, live music, ruangan indoor, ruangan outdoor, ruangan meeting, toilet umum, fasilitas untuk penyandang disabilitas",5,5,no
Mie Ayam Bandung 59,"Jl. Beskalan No.35, Daerah Istimewa Yogyakarta 55122",Daerah Istimewa Yogyakarta 55122,"Breakfast restaurant, Noodle shop, Sundanese restaurant","0813-2686-7064, +62 813-2686-7064",1538,4.7,https://www.google.com/maps?cid=6421842152618672878,-7.796924,110.3626406,,,"Rabu:[06.30-20.00], Kamis:[06.30-20.00], Jumat:[06.30-20.00], Sabtu:[06.30-20.00], Minggu:[06.00-11.00], Senin:[Tutup], Selasa:[06.30-20.00]",tempat parkir,1,2,no
28 Coffee Seturan,"Jalan Pemancar Sel., komplek Plaza Seturan Kavling 10A, Kledokan, Caturtunggal, Kec. Depok, Kabupaten Sleman, Daerah Istimewa Yogyakarta 55281","Kledokan, Caturtunggal",Coffee Shop,"0812-5329-0766, +62 812-5329-0766",202,4.6,https://www.google.com/maps?cid=17422850917456630994,-7.7719293,110.4092413,https://instagram.com/28coffee.id?igshid=6io5v4ewyon6,instagram.com,"Rabu:[Buka 24 jam], Kamis:[Buka 24 jam], Jumat:[Buka 24 jam], Sabtu:[Buka 24 jam], Minggu:[Buka 24 jam], Senin:[Buka 24 jam], Selasa:[Buka 24 jam]","tempat parkir, colokan, wifi, mushalla / tempat shalat, live music, ruangan indoor, ruangan outdoor, ruangan meeting, toilet umum",3,3,yes
Chunda Resto,"Santan, Kalongan, RT.08/RW.29, Maguwoharjo, Kec. Depok, Kabupaten Sleman, Daerah Istimewa Yogyakarta 55282","RT.08/RW.29, Maguwoharjo","Western restaurant, Instagrammable","0878-7271-7515, +62 878-7271-7515",527,4.3,https://www.google.com/maps?cid=5900396285140084863,-7.7838743,110.4185465,,,"Rabu:[11.00-23.00], Kamis:[11.00-23.00], Jumat:[11.00-23.00], Sabtu:[11.00-23.00], Minggu:[11.00-23.00], Senin:[11.00-23.00], Selasa:[11.00-23.00]","tempat parkir, colokan, wifi, mushalla / tempat shalat, ruangan indoor, ruangan outdoor, ruangan meeting, toilet umum",3,5,no
Lalawuh Sunda,"Jl. Tambak, Kembang, Ngestiharjo, Kec. Kasihan, Kabupaten Bantul, Daerah Istimewa Yogyakarta 55184","Kembang, Ngestiharjo","Sundanese restaurant, Authentic restaurant, Vegetarian","(0274) 5018852, +62 274 5018852",1948,4.1,https://www.google.com/maps?cid=282837696616370276,-7.7800674,110.3502119,,,"Rabu:[10.00-22.00], Kamis:[10.00-22.00], Jumat:[10.00-22.00], Sabtu:[10.00-22.00], Minggu:[10.00-22.00], Senin:[10.00-22.00], Selasa:[10.00-22.00]","tempat parkir, mushalla / tempat shalat, ruangan indoor, ruangan outdoor, smoking room, toilet umum",3,4,no
R&B Grill Yogyakarta,"Jl. R.W. Monginsidi No.37, Karangwaru, Kec. Tegalrejo, Kota Yogyakarta, Daerah Istimewa Yogyakarta 55241",Karangwaru,"Western restaurant, Breakfast restaurant","0812-2592-8282, +62 812-2592-8282",4522,4.6,https://www.google.com/maps?cid=16165462414877484956,-7.7789694,110.363068,,,"Rabu:[07.00-22.30], Kamis:[07.00-22.30], Jumat:[07.00-22.30], Sabtu:[07.00-22.30], Minggu:[07.00-22.30], Senin:[07.00-22.30], Selasa:[07.00-22.30]","tempat parkir, wifi, colokan, ruangan indoor, ruangan outdoor, smoking room, toilet umum",5,5,no
R&B Grill Jogja - 2nd Building,"Jl. Tri Margo No.26, Karangwaru, Kec. Tegalrejo, Kota Yogyakarta, Daerah Istimewa Yogyakarta 55241",Karangwaru,Western restaurant,"0812-2592-8585, +62 812-2592-8585",321,4.7,https://www.google.com/maps?cid=9659979454068760732,-7.7792939,110.363358,,,"Rabu:[11.00-22.30], Kamis:[11.00-22.30], Jumat:[11.00-22.30], Sabtu:[11.00-22.30], Minggu:[11.00-22.30], Senin:[11.00-22.30], Selasa:[11.00-22.30]","tempat parkir, wifi, colokan, ruangan indoor, ruangan outdoor, smoking room, toilet umum",5,5,no
Metropole Coffee,"Jl. Nitikan Baru No.18, Sorosutan, Kec. Umbulharjo, Kota Yogyakarta, Daerah Istimewa Yogyakarta 55162",Sorosutan,"Coffee Shop, Instagrammable",,142,4.5,https://www.google.com/maps?cid=10800470708783508326,-7.8178609,110.3827563,,,"Rabu:[12.00-22.00], Kamis:[12.00-22.00], Jumat:[12.00-22.00], Sabtu:[12.00-22.00], Minggu:[12.00-22.00], Senin:[12.00-22.00], Selasa:[12.00-22.00]","tempat parkir, colokan, wifi, mushalla / tempat shalat, ruangan indoor, ruangan outdoor, toilet umum",3,5,no
Mediterranea Restaurant by Kamil,"Jl. Tirtodipuran No.24A, Mantrijeron, Kec. Mantrijeron, Kota Yogyakarta, Daerah Istimewa Yogyakarta 55143",Mantrijeron,"Europian restaurant, Mediterranean restaurant, Western restaurant, Instagrammable, Vegetarian","(0274) 371052, +62 274 371052",7533,4.7,https://www.google.com/maps?cid=10482932962706298683,-7.818566,110.3645276,http://www.mrbykamil.com/,mrbykamil.com,"Rabu:[08.00-23.00], Kamis:[08.00-23.00], Jumat:[08.00-23.00], Sabtu:[08.00-23.00], Minggu:[08.00-23.00], Senin:[08.00-23.00], Selasa:[08.00-23.00]","tempat parkir, wifi, colokan, ruangan indoor, ruangan outdoor, toilet umum",5,5,no
Nanamia Pizzeria,"Jl. Tirtodipuran No.1, Mantrijeron, Kec. Mantrijeron, Kota Yogyakarta, Daerah Istimewa Yogyakarta 55143",Mantrijeron,"Italian restaurant, Europian restaurant, Pizza restaurant, Vegetarian","0812-6694-3697, +62 812-6694-3697",7383,4.7,https://www.google.com/maps?cid=16257301333968807421,-7.8180926,110.3626235,http://www.pizzeriananamia.com/,pizzeriananamia.com,"Rabu:[10.00-22.00], Kamis:[10.00-22.00], Jumat:[10.00-22.00], Sabtu:[10.00-22.00], Minggu:[10.00-22.00], Senin:[10.00-22.00], Selasa:[10.00-22.00]","tempat parkir, wifi, colokan, ruangan indoor, ruangan outdoor, toilet umum",3,5,no
Nanamia Pizzeria Jogja (North Area),"Jl. Moses Gatotkaca No.B 9 - 14, Mrican, Caturtunggal, Kec. Depok, Kabupaten Sleman, Daerah Istimewa Yogyakarta 55281","Mrican, Caturtunggal","Italian restaurant, Europian restaurant, Pizza restaurant, Vegetarian","0813-3752-3726, +62 813-3752-3726",4161,4.6,https://www.google.com/maps?cid=5214318087744415075,-7.7762145,110.3910246,http://www.pizzeriananamia.com/,pizzeriananamia.com,"Rabu:[10.00-22.00], Kamis:[10.00-22.00], Jumat:[10.00-22.00], Sabtu:[10.00-22.00], Minggu:[10.00-22.00], Senin:[10.00-22.00], Selasa:[10.00-22.00]","tempat parkir, wifi, colokan, ruangan indoor, ruangan outdoor, toilet umum",3,5,no
Warung Burjo DM,"Jl. Monjali No.54, Kutu Dukuh, Sinduadi, Kec. Mlati, Kabupaten Sleman, Daerah Istimewa Yogyakarta 55284","Kutu Dukuh, Sinduadi",Rumah makan,"0895-3773-01872, +62 895-3773-01872",135,4.4,https://www.google.com/maps?cid=7529340145192650965,-7.7650843,110.3687819,,,"Rabu:[Buka 24 jam], Kamis:[Buka 24 jam], Jumat:[Buka 24 jam], Sabtu:[Buka 24 jam], Minggu:[Buka 24 jam], Senin:[Buka 24 jam], Selasa:[Buka 24 jam]",tempat parkir,1,1,yes
Warung Burjo Duta Rasa Grup,"69G6+VW2, Karangwaru, Kec. Tegalrejo, Kota Yogyakarta, Daerah Istimewa Yogyakarta 55241",Karangwaru,Rumah makan,,7,3.7,https://www.google.com/maps?cid=1252462384755986375,-7.7728677,110.3622671,,,"Rabu:[06.00-23.00], Kamis:[06.00-23.00], Jumat:[06.00-23.00], Sabtu:[06.00-23.00], Minggu:[06.00-23.00], Senin:[06.00-00.00], Selasa:[06.00-23.00]",tempat parkir,1,1,no
Burjo Melati,"69R9+M5X, Unnamed Road, Kutu Tegal, Sinduadi, Kec. Mlati, Kabupaten Sleman, Daerah Istimewa Yogyakarta 55284",Unnamed Road,Rumah makan,,67,4.4,https://www.google.com/maps?cid=10112689260288823183,-7.7582608,110.3679937,,,"Rabu:[Buka 24 jam], Kamis:[Buka 24 jam], Jumat:[Buka 24 jam], Sabtu:[Buka 24 jam], Minggu:[Buka 24 jam], Senin:[Buka 24 jam], Selasa:[Buka 24 jam]",tempat parkir,1,1,yes
Warung Burjo Mirasa,"Jl. Magelang No.Km. 4, Kutu Dukuh, Sinduadi, Kec. Mlati, Kabupaten Sleman, Daerah Istimewa Yogyakarta 55284","Kutu Dukuh, Sinduadi",Rumah makan,"0812-2768-511, +62 812-2768-511",2,4,https://www.google.com/maps?cid=11327963983617987981,-7.766977,110.363177,,,"Rabu:[07.00-17.00], Kamis:[07.00-17.00], Jumat:[07.00-17.00], Sabtu:[07.00-17.00], Minggu:[Tutup], Senin:[07.00-17.00], Selasa:[07.00-17.00]",tempat parkir,1,1,no
Burjo Murni Monjali 54,"Jl. Monumen Jogja Kembali 49 No.54 B, Gemawang, Sinduadi, Kec. Mlati, Kabupaten Sleman, Daerah Istimewa Yogyakarta 55284","Gemawang, Sinduadi",Rumah makan,"0856-1888-5299, +62 856-1888-5299",27,4.3,https://www.google.com/maps?cid=10542897090390449074,-7.7563103,110.3697148,,,"Rabu:[Buka 24 jam], Kamis:[Buka 24 jam], Jumat:[Buka 24 jam], Sabtu:[Buka 24 jam], Minggu:[Buka 24 jam], Senin:[Buka 24 jam], Selasa:[Buka 24 jam]",tempat parkir,1,1,yes
Burjo Murno,"Jl. Magelang No.58, Kutu Tegal, Sinduadi, Kec. Mlati, Kabupaten Sleman, Daerah Istimewa Yogyakarta 55284","Kutu Tegal, Sinduadi",Rumah makan,,1,5,https://www.google.com/maps?cid=18446605121163239020,-7.7552712,110.3619177,,,"Rabu:[Buka 24 jam], Kamis:[Buka 24 jam], Jumat:[Buka 24 jam], Sabtu:[Buka 24 jam], Minggu:[Buka 24 jam], Senin:[Buka 24 jam], Selasa:[Buka 24 jam]",tempat parkir,1,1,yes
Burjo Andeska Kranggan,"Jl. A.M. Sangaji No.5, Kutu Dukuh, Gowongan, Kec. Jetis, Kota Yogyakarta, Daerah Istimewa Yogyakarta 55233","Kutu Dukuh, Gowongan",Rumah makan,,127,4.2,https://www.google.com/maps?cid=10139149896240054354,-7.7664605,110.3690091,,,"Rabu:[Buka 24 jam], Kamis:[Buka 24 jam], Jumat:[Buka 24 jam], Sabtu:[Buka 24 jam], Minggu:[Buka 24 jam], Senin:[Buka 24 jam], Selasa:[Buka 24 jam]",tempat parkir,1,1,yes
Burjo PS,"Jl. A.M. Sangaji No.90, Cokrodiningratan, Kec. Tegalrejo, Kota Yogyakarta, Daerah Istimewa Yogyakarta 55241",Cokrodiningratan,Rumah makan,,7,5,https://www.google.com/maps?cid=4611804240981631888,-7.7721452,110.3683885,,,"Rabu:[Buka 24 jam], Kamis:[Buka 24 jam], Jumat:[Buka 24 jam], Sabtu:[Buka 24 jam], Minggu:[Buka 24 jam], Senin:[Buka 24 jam], Selasa:[Buka 24 jam]",tempat parkir,1,1,yes
RM Padang SAKATO,"Jl. Magelang KM.4,4, Rogoyudan, Sinduadi, Kec. Mlati, Kota Yogyakarta, Daerah Istimewa Yogyakarta 55284","Rogoyudan, Sinduadi","Padang restaurant, Rumah makan","0818-927-915, +62 818-927-915",116,4.8,https://www.google.com/maps?cid=3008825350757430404,-7.766924,110.3626193,,,"Rabu:[09.00-20.00], Kamis:[09.00-20.00], Jumat:[09.00-20.00], Sabtu:[09.00-20.00], Minggu:[09.00-20.00], Senin:[09.00-20.00], Selasa:[09.00-20.00]",tempat parkir,1,2,no
Rumah Makan Padang Murah,"Jalan Monjali No.#106, Gemawang, Sinduadi, Kec. Mlati, Kabupaten Sleman, Daerah Istimewa Yogyakarta 55284","Gemawang, Sinduadi","Padang restaurant, Rumah makan",,1160,4.5,https://www.google.com/maps?cid=15333798128857694880,-7.761282,110.369261,,,"Rabu:[08.00-23.00], Kamis:[08.00-23.00], Jumat:[08.00-23.00], Sabtu:[08.00-23.00], Minggu:[08.00-23.00], Senin:[08.00-23.00], Selasa:[08.00-23.00]",tempat parkir,1,2,no
RM Padang Tanjuang,"Jl. A.M. Sangaji No.72a, Karangwaru, Kec. Tegalrejo, Kota Yogyakarta, Daerah Istimewa Yogyakarta 55233",Karangwaru,"Padang restaurant, Rumah makan","0813-2884-9432, +62 813-2884-9432",61,4.6,https://www.google.com/maps?cid=4073621623083169726,-7.7732782,110.3682913,,,"Rabu:[08.00-22.00], Kamis:[08.00-22.00], Jumat:[08.00-22.00], Sabtu:[08.00-22.00], Minggu:[08.00-22.00], Senin:[08.00-22.00], Selasa:[08.00-22.00]",tempat parkir,1,2,no
Rumah Makan Diploma Minang,"Jl. Jati Mataram No.287, Kutu Dukuh, Sinduadi, Kec. Mlati, Kabupaten Sleman, Daerah Istimewa Yogyakarta 55284","Kutu Dukuh, Sinduadi","Padang restaurant, Rumah makan",,40,3.7,https://www.google.com/maps?cid=2332328902507738614,-7.7618566,110.3675656,,,"Rabu:[08.00-21.00], Kamis:[08.00-21.00], Jumat:[08.00-21.00], Sabtu:[08.00-21.00], Minggu:[08.00-21.00], Senin:[08.00-21.00], Selasa:[08.00-21.00]",tempat parkir,1,2,no
RM Duta Minang,"Jalan Magelang Km. 4 No.218, Sinduadi, Mlati, Rogoyudan, Sinduadi, Kec. Mlati, Kabupaten Sleman, Daerah Istimewa Yogyakarta 55284","Rogoyudan, Sinduadi","Padang restaurant, Rumah makan","(0274) 580243, +62 274 580243",1088,4.4,https://www.google.com/maps?cid=14786480710186272481,-7.767723,110.361664,http://www.dutaminang.com/,dutaminang.com,"Rabu:[Buka 24 jam], Kamis:[Buka 24 jam], Jumat:[Buka 24 jam], Sabtu:[Buka 24 jam], Minggu:[Buka 24 jam], Senin:[Buka 24 jam], Selasa:[Buka 24 jam]",tempat parkir,3,4,yes
warung makan padang meriah,"Jl. Monjali No.177, Kutu Dukuh, Sinduadi, Kec. Mlati, Kabupaten Sleman, Daerah Istimewa Yogyakarta 55284","Kutu Dukuh, Sinduadi","Padang restaurant, Rumah makan","0895-3781-89184, +62 895-3781-89184",5,3.4,https://www.google.com/maps?cid=15206477069151861746,-7.768335,110.3689352,,,"Rabu:[10.00-23.30], Kamis:[10.00-23.30], Jumat:[10.00-23.30], Sabtu:[10.00-23.30], Minggu:[10.00-23.30], Senin:[10.00-23.30], Selasa:[10.00-23.30]",tempat parkir,1,2,no
RM Padang Lima Sekawan,"Jl. Agro No.7, Kocoran, Caturtunggal, Kec. Depok, Kabupaten Sleman, Daerah Istimewa Yogyakarta 55281","Kocoran, Caturtunggal","Padang restaurant, Rumah makan","0815-8026-396, +62 815-8026-396",461,4.5,https://www.google.com/maps?cid=15033935465006459628,-7.7660167,110.3798349,,,"Rabu:[08.00-20.00], Kamis:[08.00-20.00], Jumat:[08.00-20.00], Sabtu:[08.00-20.00], Minggu:[08.00-20.00], Senin:[08.00-20.00], Selasa:[08.00-20.00]",tempat parkir,1,2,no
Warung Makan Padang Sendowo,"Jl. Sendowo F No.129, Sendowo, Sinduadi, Kec. Mlati, Kabupaten Sleman, Daerah Istimewa Yogyakarta 55281","Sendowo, Sinduadi","Padang restaurant, Rumah makan","0878-1004-5900, +62 878-1004-5900",324,4.7,https://www.google.com/maps?cid=9424138932461151199,-7.7712505,110.3709031,,,"Rabu:[08.00-18.00], Kamis:[08.00-18.00], Jumat:[08.00-18.00], Sabtu:[08.00-18.00], Minggu:[08.00-18.00], Senin:[08.00-18.00], Selasa:[08.00-18.00]",tempat parkir,1,2,no
Rumah Makan Padang Simpang Raya Tugu,"Jl. Magelang No.109, Karangwaru, Kec. Tegalrejo, Kota Yogyakarta, Daerah Istimewa Yogyakarta 55242",Karangwaru,"Padang restaurant, Rumah makan, Indonesian restaurant, Sate",,302,4.5,https://www.google.com/maps?cid=4184410880808336751,-7.7744468,110.3610122,,,"Rabu:[09.00-23.00], Kamis:[09.00-23.00], Jumat:[09.00-23.00], Sabtu:[09.00-23.00], Minggu:[09.00-23.00], Senin:[09.00-23.00], Selasa:[09.00-23.00]",tempat parkir,1,2,no
McDonald's Jakal,"Jl. Kaliurang No.KM. 5, Kocoran, Sinduadi, Kec. Mlati, Kabupaten Sleman, Daerah Istimewa Yogyakarta 55281","Kocoran, Sinduadi","Fast food restaurant, Breakfast restaurant, Delivery","0811-1786-136, +62 811-1786-136",9579,4.4,https://www.google.com/maps?cid=11798101668060338928,-7.7625093,110.3796601,http://www.mcdonalds.co.id/,mcdonalds.co.id,"Rabu:[Buka 24 jam], Kamis:[Buka 24 jam], Jumat:[Buka 24 jam], Sabtu:[Buka 24 jam], Minggu:[Buka 24 jam], Senin:[Buka 24 jam], Selasa:[Buka 24 jam]","tempat parkir, colokan, wifi, mushalla / tempat shalat, ruangan indoor, ruangan outdoor, tempat bermain anak, fasilitas penyandang disabilitas, smoking area",3,5,yes
McDonald's Sudirman Yogyakarta,"Jl. Jend. Sudirman No.38, Kotabaru, Kec. Gondokusuman, Kota Yogyakarta, Daerah Istimewa Yogyakarta 55224",Kotabaru,"Fast food restaurant, Breakfast restaurant, Delivery","0811-1927-525, +62 811-1927-525",16129,4.5,https://www.google.com/maps?cid=9913621941678472817,-7.7832862,110.371683,http://www.mcdonalds.co.id/,mcdonalds.co.id,"Rabu:[Buka 24 jam], Kamis:[Buka 24 jam], Jumat:[Buka 24 jam], Sabtu:[Buka 24 jam], Minggu:[Buka 24 jam], Senin:[Buka 24 jam], Selasa:[Buka 24 jam]","tempat parkir, colokan, wifi, mushalla / tempat shalat, ruangan indoor, ruangan outdoor, tempat bermain anak, fasilitas penyandang disabilitas, smoking area",3,5,yes
McDonald's Jombor,"Jl. Magelang, Mlati Dukuh, Sendangadi, Kec. Mlati, Kabupaten Sleman, Daerah Istimewa Yogyakarta 55284","Mlati Dukuh, Sendangadi","Fast food restaurant, Breakfast restaurant, Delivery","(0274) 868197, +62 274 868197",15901,4.5,https://www.google.com/maps?cid=13471149402686046343,-7.7486123,110.3618043,http://www.mcdelivery.co.id/,mcdelivery.co.id,"Rabu:[Buka 24 jam], Kamis:[Buka 24 jam], Jumat:[Buka 24 jam], Sabtu:[Buka 24 jam], Minggu:[Buka 24 jam], Senin:[Buka 24 jam], Selasa:[Buka 24 jam]","tempat parkir, colokan, wifi, mushalla / tempat shalat, ruangan indoor, ruangan outdoor, tempat bermain anak, fasilitas penyandang disabilitas, smoking area",3,5,yes
McDonald's Plaza Malioboro,"Malioboro Jogja Ground Floor, Jl. Malioboro No.52-58, Suryatmajan, Kec. Danurejan, Kota Yogyakarta, Daerah Istimewa Yogyakarta 55213",Jl. Malioboro No.52-58,"Fast food restaurant, Delivery","0811-1927-345, +62 811-1927-345",5309,4.4,https://www.google.com/maps?cid=10482433129875797537,-7.7928329,110.36599,http://www.mcdonalds.co.id/,mcdonalds.co.id,"Rabu:[07.00-00.00], Kamis:[07.00-00.00], Jumat:[07.00-00.00], Sabtu:[07.00-00.00], Minggu:[07.00-00.00], Senin:[07.00-00.00], Selasa:[07.00-00.00]","tempat parkir, colokan, wifi, mushalla / tempat shalat, ruangan indoor, ruangan outdoor, tempat bermain anak, fasilitas penyandang disabilitas, smoking area",3,5,no
McDonald's JCM,"Kutu Patran, Sinduadi, Kec. Mlati, Kabupaten Sleman, Daerah Istimewa Yogyakarta 55284",Kec. Mlati,"Fast food restaurant, Delivery",,28,4.1,https://www.google.com/maps?cid=17852905145664345783,-7.7533504,110.3612953,https://mcdonalds.co.id/,mcdonalds.co.id,"Rabu:[10.00-22.00], Kamis:[10.00-22.00], Jumat:[10.00-22.00], Sabtu:[10.00-22.00], Minggu:[10.00-22.00], Senin:[10.00-22.00], Selasa:[10.00-22.00]","tempat parkir, colokan, wifi, mushalla / tempat shalat, ruangan indoor, ruangan outdoor, tempat bermain anak, fasilitas penyandang disabilitas, smoking area",3,5,no
McDonald's Sultan Agung,"Jl. Sultan Agung No.24, Wirogunan, Kec. Mergangsan, Kota Yogyakarta, Daerah Istimewa Yogyakarta 55151",Wirogunan,"Fast food restaurant, Breakfast restaurant, Delivery","0811-9700-6401, +62 811-9700-6401",8387,4.6,https://www.google.com/maps?cid=4328030021625683500,-7.801962,110.3746504,http://www.mcdelivery.co.id/,mcdelivery.co.id,"Rabu:[Buka 24 jam], Kamis:[Buka 24 jam], Jumat:[Buka 24 jam], Sabtu:[Buka 24 jam], Minggu:[Buka 24 jam], Senin:[Buka 24 jam], Selasa:[Buka 24 jam]","tempat parkir, colokan, wifi, mushalla / tempat shalat, ruangan indoor, ruangan outdoor, tempat bermain anak, fasilitas penyandang disabilitas, smoking area",3,5,yes
McDonald's Ambarukmo,"Jl. Laksda Adisucipto No.21, Ambarukmo, Caturtunggal, Kec. Depok, Kabupaten Sleman, Daerah Istimewa Yogyakarta 55281","Ambarukmo, Caturtunggal","Fast food restaurant, Delivery","0811-8162-853, +62 811-8162-853",11554,4.5,https://www.google.com/maps?cid=2198282055308373309,-7.7829892,110.4070368,http://www.mcdonalds.co.id/,mcdonalds.co.id,"Rabu:[Buka 24 jam], Kamis:[Buka 24 jam], Jumat:[Buka 24 jam], Sabtu:[Buka 24 jam], Minggu:[Buka 24 jam], Senin:[Buka 24 jam], Selasa:[Buka 24 jam]","tempat parkir, colokan, wifi, mushalla / tempat shalat, ruangan indoor, ruangan outdoor, tempat bermain anak, fasilitas penyandang disabilitas, smoking area",3,5,yes
McDonald's Ice Cream Galeria Mall,"Matahari Galeri Yogya, Terban, Kec. Gondokusuman, Kota Yogyakarta, Daerah Istimewa Yogyakarta 55223",Terban,Ice cream shop,"14045, +62 14045",131,4.5,https://www.google.com/maps?cid=14039557704653364064,-7.7825987,110.3791337,https://www.mcdonalds.co.id/,mcdonalds.co.id,"Rabu:[10.00-22.00], Kamis:[10.00-22.00], Jumat:[10.00-22.00], Sabtu:[10.00-22.00], Minggu:[10.00-22.00], Senin:[10.00-22.00], Selasa:[10.00-22.00]","tempat parkir, mushalla / tempat shalat",3,5,no
McDonald's Ambarrukmo Plaza,"Ambarrukmo Plaza Lantai LG, Jalan Laksda Adisucipto Km.6, Sleman, Ambarukmo, Caturtunggal, Kec. Depok, Kota Yogyakarta, Daerah Istimewa Yogyakarta 55281","Ambarukmo, Caturtunggal","Fast food restaurant, Delivery",,281,4.4,https://www.google.com/maps?cid=10828090645982610039,-7.78277,110.401319,http://www.mcdonalds.co.id/,mcdonalds.co.id,"Rabu:[10.00-22.00], Kamis:[10.00-22.00], Jumat:[10.00-22.00], Sabtu:[10.00-22.00], Minggu:[10.00-22.00], Senin:[10.00-22.00], Selasa:[10.00-22.00]","tempat parkir, colokan, wifi, mushalla / tempat shalat, ruangan indoor, ruangan outdoor, tempat bermain anak, fasilitas penyandang disabilitas, smoking area",3,5,no
McDonald's Sleman City Hall,"Ice Cream McDonald's - Sleman City Hall Atrium GF, Jalan Magelang KM 9.6 No.18, Penggung, Tridadi, Sleman, Sleman Regency, Special Region of Yogyakarta 55511","Penggung, Tridadi","Fast food restaurant, Delivery",,13,4.8,https://www.google.com/maps?cid=9588067747903283940,-7.7201094,110.3619791,,,"Rabu:[10.00-22.00], Kamis:[10.00-22.00], Jumat:[10.00-22.00], Sabtu:[10.00-22.00], Minggu:[10.00-22.00], Senin:[10.00-22.00], Selasa:[10.00-22.00]","tempat parkir, colokan, wifi, mushalla / tempat shalat, ruangan indoor, ruangan outdoor, tempat bermain anak, fasilitas penyandang disabilitas, smoking area",3,5,no
Pizza Hut Jakal,"Jl. Kaliurang No.KM.5, Manggung, Caturtunggal, Kec. Depok, Kabupaten Sleman, Daerah Istimewa Yogyakarta 55281","Manggung, Caturtunggal","Fast food restaurant, Breakfast restaurant, Delivery","0811-3249-503, +62 811-3249-503",5425,4.6,https://www.google.com/maps?cid=2010738275810009152,-7.7563627,110.3822551,https://www.pizzahut.co.id/,pizzahut.co.id,"Rabu:[09.00-22.00], Kamis:[09.00-22.00], Jumat:[07.00-22.00], Sabtu:[07.00-22.00], Minggu:[07.00-22.00], Senin:[09.00-22.00], Selasa:[09.00-22.00]","tempat parkir, colokan, wifi, mushalla / tempat shalat, ruangan indoor, ruangan outdoor, tempat bermain anak, fasilitas penyandang disabilitas, smoking area",3,5,no
Pizza Hut Jogja City Mall,"Jogja City Mall Jalan Magelang No.Km 6 No 18, Kutu Patran, Sinduadi, Kec. Mlati, Kabupaten Sleman, Daerah Istimewa Yogyakarta 55284","Kutu Patran, Sinduadi",Pizza restaurant,"0811-3453-375, +62 811-3453-375",2123,4.6,https://www.google.com/maps?cid=1160518547658056030,-7.7534194,110.3611861,https://www.pizzahut.co.id/,pizzahut.co.id,"Rabu:[10.00-21.00], Kamis:[10.00-21.00], Jumat:[10.00-21.00], Sabtu:[10.00-21.00], Minggu:[10.00-21.00], Senin:[10.00-21.00], Selasa:[10.00-21.00]","tempat parkir, colokan, wifi, mushalla / tempat shalat, ruangan indoor, ruangan outdoor, fasilitas penyandang disabilitas",3,5,no
Pizza Hut Sudirman,"Jl. Jend. Sudirman No.65, Terban, Kec. Gondokusuman, Kota Yogyakarta, Daerah Istimewa Yogyakarta 55223",Terban,"Fast food restaurant, Breakfast restaurant, Delivery","0811-3249-304, +62 811-3249-304",6097,4.6,https://www.google.com/maps?cid=12217079829125933030,-7.7826665,110.3736392,https://www.pizzahut.co.id/,pizzahut.co.id,"Rabu:[09.00-22.00], Kamis:[09.00-22.00], Jumat:[07.00-22.00], Sabtu:[07.00-22.00], Minggu:[07.00-22.00], Senin:[09.00-22.00], Selasa:[09.00-22.00]","tempat parkir, colokan, wifi, mushalla / tempat shalat, ruangan indoor, ruangan outdoor, fasilitas penyandang disabilitas",3,5,no
Pizza Hut Delivery - PHD Godean,"Jl. Kyai Mojo No.91, Tegalrejo, Kec. Tegalrejo, Kota Yogyakarta, Daerah Istimewa Yogyakarta 55244",Tegalrejo,"Pizza restaurant, Delivery","1 500 600, +62 1 500 600",1449,4.6,https://www.google.com/maps?cid=5900129315037835337,-7.7817329,110.3520159,https://www.pizzahut.co.id/,pizzahut.co.id,"Rabu:[10.00-00.00], Kamis:[10.00-00.00], Jumat:[10.00-00.00], Sabtu:[10.00-00.00], Minggu:[10.00-00.00], Senin:[10.00-00.00], Selasa:[10.00-00.00]","tempat parkir, ruangan indoor",3,5,no
Pizza Hut Delivery - PHD Colombo,"Jl. Colombo Yogyakarta Jl. Samironobaru No.6D, Samirono, Caturtunggal, Kec. Depok, Jawa Tengah, Daerah Istimewa Yogyakarta 55281","Samirono, Caturtunggal","Pizza restaurant, Delivery","1 500 600, +62 1 500 600",1274,4.6,https://www.google.com/maps?cid=5232426881934856532,-7.7778155,110.3858989,https://www.pizzahut.co.id/,pizzahut.co.id,"Rabu:[10.00-23.00], Kamis:[10.00-23.00], Jumat:[10.00-23.00], Sabtu:[10.00-23.00], Minggu:[10.00-23.00], Senin:[10.00-23.00], Selasa:[10.00-23.00]","tempat parkir, ruangan indoor",3,5,no
Pizza Hut Sultan Agung,"Jl. Sultan Agung No.58, Wirogunan, Kec. Mergangsan, Kota Yogyakarta, Daerah Istimewa Yogyakarta 55151",Wirogunan,"Pizza restaurant, Breakfast restaurant","0811-3483-505, +62 811-3483-505",6013,4.5,https://www.google.com/maps?cid=3489869389354340360,-7.8021251,110.3797304,https://www.pizzahut.co.id/,pizzahut.co.id,"Rabu:[09.00-22.00], Kamis:[09.00-22.00], Jumat:[09.00-22.00], Sabtu:[09.00-22.00], Minggu:[09.00-22.00], Senin:[09.00-22.00], Selasa:[09.00-22.00]","tempat parkir, ruangan indoor",3,5,no
Pizza Hut Ambarukmo,"Jl. Laksda Adisucipto No.29, Ambarukmo, Caturtunggal, Kec. Depok, Kabupaten Sleman, Daerah Istimewa Yogyakarta 55281","Ambarukmo, Caturtunggal",Pizza restaurant,"0811-9814-113, +62 811-9814-113",140,4.2,https://www.google.com/maps?cid=6890331302054937857,-7.7829653,110.4073845,https://www.pizzahut.co.id/,pizzahut.co.id,"Rabu:[10.00-22.00], Kamis:[10.00-22.00], Jumat:[10.00-22.00], Sabtu:[10.00-22.00], Minggu:[10.00-22.00], Senin:[10.00-22.00], Selasa:[10.00-22.00]","tempat parkir, ruangan indoor",3,5,no
Pizza Hut Delivery - PHD Seturan,"Jl. Seturan Raya No.A100, Ngropoh, Condongcatur, Kec. Depok, Kabupaten Sleman, Daerah Istimewa Yogyakarta 55281","Ngropoh, Condongcatur","Pizza restaurant, Delivery","1 500 600, +62 1 500 600",972,4.6,https://www.google.com/maps?cid=5740026882144348332,-7.7651346,110.410751,https://www.pizzahut.co.id/,pizzahut.co.id,"Rabu:[10.00-00.00], Kamis:[10.00-00.00], Jumat:[10.00-00.00], Sabtu:[10.00-02.00], Minggu:[10.00-02.00], Senin:[10.00-00.00], Selasa:[10.00-00.00]","tempat parkir, ruangan indoor",3,5,no
Pizza Hut Delivery - PHD Taman Siswa,"Jl. Taman Siswa No.66, Wirogunan, Kec. Mergangsan, Kota Yogyakarta, Daerah Istimewa Yogyakarta 55151",Wirogunan,"Pizza restaurant, Delivery","1 500 600, +62 1 500 600",900,4.5,https://www.google.com/maps?cid=14997932197589154706,-7.8078587,110.3773837,https://www.pizzahut.co.id/,pizzahut.co.id,"Rabu:[10.00-23.00], Kamis:[10.00-23.00], Jumat:[10.00-23.00], Sabtu:[10.00-23.00], Minggu:[10.00-23.00], Senin:[10.00-23.00], Selasa:[10.00-23.00]","tempat parkir, ruangan indoor",3,5,no
Pizza Hut Delivery - PHD Jakal,"Jl. Kaliurang No.KM 8, RW.7, Dayu, Sinduharjo, Kec. Ngaglik, Kabupaten Sleman, Daerah Istimewa Yogyakarta 55581","RW.7, Dayu, Sinduharjo","Pizza restaurant, Delivery","1 500 600, +62 1 500 600",1710,4.6,https://www.google.com/maps?cid=16335350300224949560,-7.7321078,110.396617,https://www.pizzahut.co.id/,pizzahut.co.id,"Rabu:[10.00-00.00], Kamis:[10.00-00.00], Jumat:[10.00-00.00], Sabtu:[10.00-00.00], Minggu:[10.00-00.00], Senin:[10.00-00.00], Selasa:[10.00-00.00]","tempat parkir, ruangan indoor",3,5,no
Ayam Goreng Suharti - Laksda Adisucipto,"Jl. Laksda Adisucipto No.208, Janti, Caturtunggal, Kec. Depok, Kabupaten Sleman, Daerah Istimewa Yogyakarta 55281","Janti, Caturtunggal","Indonesian restaurant Masakan Ayam, Indonesian restaurant, Authentic restaurant, Chicken restaurant","(0274) 484522, +62 274 484522",7393,4.5,https://www.google.com/maps?cid=752923216689186700,-7.783167,110.4132929,,,"Rabu:[08.00-21.00], Kamis:[08.00-21.00], Jumat:[08.00-21.00], Sabtu:[08.00-21.00], Minggu:[08.00-21.00], Senin:[08.00-21.00], Selasa:[08.00-21.00]","tempat parkir, mushalla / tempat shalat, ruangan indoor, ruangan outdoor, smoking room, toilet umum, live music",3,5,no
Ayam Goreng Ny. Suharti,"Jl. Gedongkuning No.187, Pringgolayan, Banguntapan, Kec. Banguntapan, Kabupaten Bantul, Daerah Istimewa Yogyakarta 55171","Pringgolayan, Banguntapan","Indonesian restaurant Masakan Ayam, Indonesian restaurant, Authentic restaurant, Chicken restaurant","(0274) 383765, +62 274 383765",2943,4.4,https://www.google.com/maps?cid=12785078709136780008,-7.8092833,110.4024556,https://www.facebook.com/AyamGorengNy.Suharti/,facebook.com,"Rabu:[08.30-21.00], Kamis:[08.30-21.00], Jumat:[08.30-21.00], Sabtu:[08.30-21.00], Minggu:[08.30-21.00], Senin:[08.30-21.00], Selasa:[08.30-21.00]","tempat parkir, mushalla / tempat shalat, ruangan indoor, ruangan outdoor, smoking room, toilet umum, live music",3,5,no
Petit Paris Boulangerie and Bistro,"Jl. Abu Bakar Ali No.18, Kotabaru, Kec. Gondokusuman, Kota Yogyakarta, Daerah Istimewa Yogyakarta 55224",Kotabaru,"Bakery, Europian restaurant, Instagrammable","(0274) 5014491, +62 274 5014491",551,4.6,https://www.google.com/maps?cid=18401506544383896902,-7.7883629,110.3720232,http://petitparisboulangerie.com/,petitparisboulangerie.com,"Rabu:[08.00-22.00], Kamis:[08.00-22.00], Jumat:[08.00-22.00], Sabtu:[08.00-22.00], Minggu:[08.00-22.00], Senin:[08.00-22.00], Selasa:[08.00-22.00]","tempat parkir, colokan, wifi, mushalla / tempat shalat, ruangan indoor, ruangan meeting, toilet umum ",3,3,no
ChezMoi Patissier & Chocolatier Sagan,"Jl. Sagan No.12, Terban, Kec. Gondokusuman, Kota Yogyakarta, Daerah Istimewa Yogyakarta 55223",Terban,Bakery,"(0274) 589251, +62 274 589251",823,4.5,https://www.google.com/maps?cid=3873512113006923487,-7.7812542,110.3780318,http://www.chezmoipastry.com/,chezmoipastry.com,"Rabu:[08.00-21.00], Kamis:[08.00-21.00], Jumat:[08.00-21.00], Sabtu:[08.00-21.00], Minggu:[08.00-21.00], Senin:[08.00-21.00], Selasa:[08.00-21.00]","tempat parkir, ruangan indoor",3,3,no
Kobayashi Pattiserie & Boulangerie,"Jl. Magelang KM.1 No.54, Karangwaru, Kec. Tegalrejo, Kota Yogyakarta, Daerah Istimewa Yogyakarta 55242",Karangwaru,Bakery,"(0274) 550099, +62 274 550099",571,4.5,https://www.google.com/maps?cid=16234558684303494008,-7.7794581,110.3610811,,,"Rabu:[07.00-21.00], Kamis:[07.00-21.00], Jumat:[07.00-21.00], Sabtu:[07.00-21.00], Minggu:[07.00-21.00], Senin:[07.00-21.00], Selasa:[07.00-21.00]","tempat parkir, ruangan indoor",3,3,no
Petit Paris Boulangerie Jakal,"Natasha Skin Clinic Center, Jl. Kaliurang No.KM. 5, Manggung, Caturtunggal, Kec. Depok, Kabupaten Sleman, Daerah Istimewa Yogyakarta 55281",Jl. Kaliurang No.KM. 5,Bakery,"0811-2838-004, +62 811-2838-004",10,4.9,https://www.google.com/maps?cid=8202026346868103677,-7.7579078,110.3817682,http://petitparisboulangerie.com/,petitparisboulangerie.com,"Rabu:[10.00-21.00], Kamis:[10.00-21.00], Jumat:[10.00-21.00], Sabtu:[10.00-21.00], Minggu:[10.00-21.00], Senin:[10.00-21.00], Selasa:[10.00-21.00]","tempat parkir, colokan, wifi, mushalla / tempat shalat, ruangan indoor, ruangan meeting, toilet umum ",3,3,no
ChezMoi Patissier & Chocolatier,"Jl kaliurang km 4,5, Pogung Kidul, Sinduadi, Kec. Mlati, Kota Yogyakarta, Daerah Istimewa Yogyakarta 55223","Pogung Kidul, Sinduadi",Bakery,"(0274) 557335, +62 274 557335",271,4.5,https://www.google.com/maps?cid=15476469262970963915,-7.7622467,110.3798912,http://www.chezmoipastry.com/,chezmoipastry.com,"Rabu:[08.00-21.00], Kamis:[08.00-21.00], Jumat:[08.00-21.00], Sabtu:[08.00-21.00], Minggu:[08.00-21.00], Senin:[08.00-21.00], Selasa:[08.00-21.00]","tempat parkir, ruangan indoor",3,3,no
Cinema Bakery,"Jl. Yudistira No.RT.08, Wonorejo, Sariharjo, Kec. Ngaglik, Kabupaten Sleman, Daerah Istimewa Yogyakarta 55285","Wonorejo, Sariharjo",Bakery,"0811-2635-068, +62 811-2635-068",2362,4.5,https://www.google.com/maps?cid=12365056709981227713,-7.7354754,110.380081,http://beacons.ai/cinemabakery,beacons.ai,"Rabu:[07.00-20.00], Kamis:[07.00-20.00], Jumat:[07.00-20.00], Sabtu:[07.00-20.00], Minggu:[07.00-20.00], Senin:[07.00-20.00], Selasa:[07.00-20.00]","tempat parkir, colokan, wifi, mushalla / tempat shalat, ruangan indoor, toilet umum ",3,3,no
Holland Bakery,"69PV+754, Jl. Affandi, Karang Gayam, Condongcatur, Kec. Depok, Kabupaten Sleman, Daerah Istimewa Yogyakarta 55281",Jl. Affandi,Bakery,"0811-2650-049, +62 811-2650-049",278,4.6,https://www.google.com/maps?cid=6118823813402338839,-7.7643672,110.3929615,http://www.hollandbakery.co.id/,hollandbakery.co.id,"Rabu:[06.00-22.00], Kamis:[06.00-22.00], Jumat:[06.00-22.00], Sabtu:[06.00-22.00], Minggu:[06.00-22.00], Senin:[06.00-22.00], Selasa:[06.00-22.00]","tempat parkir, ruangan indoor",3,3,no
FAVOR Patisserie Pizzeria & Eatery,"Jl. C. Simanjuntak No.36a, Terban, Kec. Gondokusuman, Kota Yogyakarta, Daerah Istimewa Yogyakarta 55223",Terban,Bakery,"0813-3383-2711, +62 813-3383-2711",402,5,https://www.google.com/maps?cid=6760125533966659195,-7.7783087,110.3735003,,,"Rabu:[08.00-21.00], Kamis:[08.00-21.00], Jumat:[08.00-21.00], Sabtu:[08.00-21.00], Minggu:[08.00-21.00], Senin:[08.00-21.00], Selasa:[08.00-21.00]","tempat parkir, ruangan indoor",3,3,no
Bloomery Cake & Patisserie Jakal,"Jl. Kaliurang No.5, Karang Wuni, Caturtunggal, Kec. Depok, Kabupaten Sleman, Daerah Istimewa Yogyakarta 55281","Karang Wuni, Caturtunggal",Bakery,"0877-8453-8206, +62 877-8453-8206",762,4.8,https://www.google.com/maps?cid=6373093786772439707,-7.7603493,110.3810113,https://www.instagram.com/bloomerypatisserie/,instagram.com,"Rabu:[09.00-21.00], Kamis:[09.00-21.00], Jumat:[09.00-21.00], Sabtu:[09.00-21.00], Minggu:[09.00-21.00], Senin:[09.00-21.00], Selasa:[09.00-21.00]","tempat parkir, ruangan indoor",3,3,no
The Harvest Cakes,"Jl. C. Simanjuntak No.5, Terban, Kec. Gondokusuman, Kota Yogyakarta, Daerah Istimewa Yogyakarta 55223",Terban,Bakery,"(021) 1500581, +62 21 1500581",613,4.3,https://www.google.com/maps?cid=17880310251727836255,-7.782795,110.3721849,http://www.harvestcakes.com/,harvestcakes.com,"Rabu:[08.00-22.00], Kamis:[08.00-22.00], Jumat:[08.00-22.00], Sabtu:[08.00-22.00], Minggu:[08.00-22.00], Senin:[08.00-22.00], Selasa:[08.00-22.00]","tempat parkir, ruangan indoor",3,3,no
Rumah Makan RATA RATA Monjali,"Jl. Monjali No.65, Gemawang, Sinduadi, Kec. Mlati, Kabupaten Sleman, Daerah Istimewa Yogyakarta 55284","Gemawang, Sinduadi","Indonesian restaurant, Rumah makan",,442,4.3,https://www.google.com/maps?cid=12263426082638208994,-7.7565529,110.3699103,,,"Rabu:[06.00-21.00], Kamis:[06.00-21.00], Jumat:[06.00-21.00], Sabtu:[06.00-21.00], Minggu:[06.00-21.00], Senin:[06.00-21.00], Selasa:[06.00-21.00]","tempat parkir, ruangan indoor",1,2,no
Rumah Makan Rata-rata Kinanti,"Gg. Kinanti No.7, Kocoran, Caturtunggal, Kec. Depok, Kabupaten Sleman, Daerah Istimewa Yogyakarta 55284","Kocoran, Caturtunggal","Indonesian restaurant, Rumah makan",,419,4.2,https://www.google.com/maps?cid=13248024265281264238,-7.7634068,110.3782119,,,"Rabu:[06.00-20.00], Kamis:[06.00-20.00], Jumat:[06.00-20.00], Sabtu:[06.00-20.00], Minggu:[06.00-20.00], Senin:[06.00-20.00], Selasa:[06.00-20.00]","tempat parkir, ruangan indoor",1,2,no
Rumah Makan Rata Rata Jl. Kabupaten,"Jl. Kabupaten No.Km. 2, Nusupan, Trihanggo, Kec. Gamping, Kabupaten Sleman, Daerah Istimewa Yogyakarta 55291","Nusupan, Trihanggo","Indonesian restaurant, Rumah makan","0878-3852-8146, +62 878-3852-8146",260,4.2,https://www.google.com/maps?cid=1211098857964965283,-7.762778,110.345281,,,"Rabu:[06.15-21.00], Kamis:[06.15-21.00], Jumat:[06.15-21.00], Sabtu:[06.15-21.00], Minggu:[06.15-21.00], Senin:[06.15-21.00], Selasa:[06.15-21.00]","tempat parkir, ruangan indoor",1,2,no
Rumah Makan Rata Rata Karanggayam,"Jl. Flamboyan Blok CT, Jl. Naga No.6, Karang Gayam, Caturtunggal, Kec. Depok, Kabupaten Sleman, Daerah Istimewa Yogyakarta 55281",Jl. Naga No.6,"Indonesian restaurant, Rumah makan",,346,4.2,https://www.google.com/maps?cid=9133759027551987323,-7.7690431,110.3891454,,,"Rabu:[06.00-20.00], Kamis:[Buka 24 jam], Jumat:[06.00-20.00], Sabtu:[06.00-20.00], Minggu:[06.00-20.00], Senin:[06.00-20.00], Selasa:[06.00-20.00]","tempat parkir, ruangan indoor",1,2,no
Rumah Makan Rata Rata Seturan,"6CH2+XPQ, Jalan KH Wahid Hasyim, Condong Catur, Kecamatan Depok, Dabag, Condongcatur, Sleman, Kabupaten Sleman, Daerah Istimewa Yogyakarta 55281","Jalan KH Wahid Hasyim, Condong Catur, Kecamatan Depok","Indonesian restaurant, Rumah makan","0812-9365-9959, +62 812-9365-9959",400,4.2,https://www.google.com/maps?cid=16290156390557383757,-7.770043,110.4018645,,,"Rabu:[07.00-21.00], Kamis:[07.00-21.00], Jumat:[07.00-21.00], Sabtu:[07.00-21.00], Minggu:[07.00-21.00], Senin:[07.00-21.00], Selasa:[07.00-21.00]","tempat parkir, ruangan indoor",1,2,no
Rumah Makan Rata Rata Kentungan,"Jl. Kaliurang No.41, Manggung, Caturtunggal, Kec. Depok, Kabupaten Sleman, Daerah Istimewa Yogyakarta 55281","Manggung, Caturtunggal","Indonesian restaurant, Rumah makan",,681,4.4,https://www.google.com/maps?cid=4845424514100697944,-7.7539053,110.3839893,,,"Rabu:[06.30-20.00], Kamis:[06.30-20.00], Jumat:[06.30-20.00], Sabtu:[06.30-20.00], Minggu:[06.30-20.00], Senin:[06.30-20.00], Selasa:[06.30-20.00]",tempat parkir,1,2,no
Rumah Makan Rata Rata Mrican,"Jalan STM Pembangunan No.9 Mrican, Mrican, Caturtunggal, Kec. Depok, Kabupaten Sleman, Daerah Istimewa Yogyakarta 55281","Mrican, Caturtunggal","Indonesian restaurant, Rumah makan","0881-8683-732, +62 881-8683-732",1039,4.3,https://www.google.com/maps?cid=7107776758565052335,-7.774419,110.391079,,,"Rabu:[06.00-20.00], Kamis:[06.00-20.00], Jumat:[06.00-20.00], Sabtu:[06.00-20.00], Minggu:[06.00-20.00], Senin:[06.00-20.00], Selasa:[06.00-20.00]",tempat parkir,1,2,no
Rumah Makan Rata Rata Kaliurang Km 8,"Jl. Kaliurang No.45, Tambakan, Sinduharjo, Kec. Ngaglik, Kabupaten Sleman, Daerah Istimewa Yogyakarta 55581","Tambakan, Sinduharjo","Indonesian restaurant, Rumah makan",,334,4.4,https://www.google.com/maps?cid=17687806894131365661,-7.7365173,110.3942764,,,"Rabu:[07.00-21.00], Kamis:[07.00-21.00], Jumat:[07.00-21.00], Sabtu:[07.00-21.00], Minggu:[07.00-18.00], Senin:[07.00-21.00], Selasa:[07.00-21.00]",tempat parkir,1,2,no
Rumah Makan Rata Rata Condong Catur,"6CX2+V82, Jl. Raya Krangkungan, Sanggrahan, Condongcatur, Kec. Depok, Kabupaten Sleman, Daerah Istimewa Yogyakarta 55283",Jl. Raya Krangkungan,"Indonesian restaurant, Rumah makan",,477,4.2,https://www.google.com/maps?cid=15327277856924541576,-7.7503671,110.4007577,,,"Rabu:[04.00-22.00], Kamis:[04.00-22.00], Jumat:[04.00-22.00], Sabtu:[04.00-22.00], Minggu:[04.00-22.00], Senin:[04.00-22.00], Selasa:[04.00-22.00]",tempat parkir,1,2,no
Rumah Makan Rata Rata Palagan,"Jl. Palagan Tentara Pelajar No.21, Tegal Rejo, Sariharjo, Kec. Ngaglik, Kabupaten Sleman, Daerah Istimewa Yogyakarta 55581","Tegal Rejo, Sariharjo","Indonesian restaurant, Rumah makan",,258,4.3,https://www.google.com/maps?cid=2279408484231668081,-7.7249367,110.3813959,,,"Rabu:[06.00-19.30], Kamis:[06.00-19.30], Jumat:[06.00-19.30], Sabtu:[06.00-19.30], Minggu:[06.00-19.30], Senin:[06.00-19.30], Selasa:[06.00-19.30]",tempat parkir,1,2,no
Fruktosa Juicebar,"Jl. Bougenville, Karang Gayam, Caturtunggal, Kec. Depok, Kabupaten Sleman, Daerah Istimewa Yogyakarta 55281","Karang Gayam, Caturtunggal",Juice,"0813-2755-9920, +62 813-2755-9920",390,4.7,https://www.google.com/maps?cid=17811706285623606468,-7.7691932,110.3902812,,,"Rabu:[10.00-23.00], Kamis:[10.00-23.00], Jumat:[10.00-23.00], Sabtu:[10.00-23.00], Minggu:[10.00-23.00], Senin:[10.00-23.00], Selasa:[10.00-23.00]",tempat parkir,3,2,no
Jooster (Juice Bar),"Jl. Jati No.7, Gejayan, Condongcatur, Kec. Depok, Kabupaten Sleman, Daerah Istimewa Yogyakarta 55281","Gejayan, Condongcatur",Juice,"0856-0138-1450, +62 856-0138-1450",5,5,https://www.google.com/maps?cid=6694887507173243786,-7.7537536,110.3955889,https://www.instagram.com/jooster_id/,instagram.com,"Rabu:[09.30-19.00], Kamis:[09.30-19.00], Jumat:[09.30-19.00], Sabtu:[10.00-19.00], Minggu:[Tutup], Senin:[09.30-19.00], Selasa:[09.30-19.00]",tempat parkir,1,2,no
Akkar Juice Bar Moses,"Jl. Moses Gatotkaca No.A17, Mrican, Caturtunggal, Kec. Depok, Kabupaten Sleman, Daerah Istimewa Yogyakarta 55281","Mrican, Caturtunggal","Juice, Vegetarian","0851-5837-8817, +62 851-5837-8817",90,5,https://www.google.com/maps?cid=17767690180999505197,-7.7763428,110.3902732,https://www.instagram.com/akkarjuicebar/,instagram.com,"Rabu:[08.00-21.30], Kamis:[08.00-21.30], Jumat:[08.00-21.30], Sabtu:[08.00-21.30], Minggu:[08.00-21.30], Senin:[08.00-21.30], Selasa:[08.00-21.30]",tempat parkir,3,2,no
Akkar Juice Bar Tugu,"Jl. Pakuningratan No.65, Cokrodiningratan, Kec. Jetis, Kota Yogyakarta, Daerah Istimewa Yogyakarta 55233",Cokrodiningratan,"Juice, Vegetarian","0851-7439-6565, +62 851-7439-6565",80,5,https://www.google.com/maps?cid=11900921650090001501,-7.7809911,110.3623984,,,"Rabu:[08.00-21.30], Kamis:[08.00-21.30], Jumat:[08.00-21.30], Sabtu:[08.00-21.30], Minggu:[08.00-21.30], Senin:[08.00-21.30], Selasa:[08.00-21.30]",tempat parkir,3,2,no
Jus Flamboyan,"Jl. Flamboyan No.20 C, Karang Gayam, Caturtunggal, Kec. Depok, Kabupaten Sleman, Daerah Istimewa Yogyakarta 55281","Karang Gayam, Caturtunggal",Juice,,205,4.8,https://www.google.com/maps?cid=17944210951689160318,-7.7676325,110.389642,,,"Rabu:[10.00-22.00], Kamis:[10.00-22.00], Jumat:[10.00-22.00], Sabtu:[10.00-22.00], Minggu:[Tutup], Senin:[10.00-22.00], Selasa:[10.00-22.00]",tempat parkir,1,2,no
Garden Juice,"JL. Kaliurang, Km. 5 Pogung Baru, Jl. Pogung Kidul No.26, Pogung Kidul, Sinduadi, Kec. Mlati, Kabupaten Sleman, Daerah Istimewa Yogyakarta 55284",Jl. Pogung Kidul No.26,Juice,,12,4.5,https://www.google.com/maps?cid=17630214408819943601,-7.7598323,110.3787523,,,"Rabu:[10.00-18.00], Kamis:[10.00-18.00], Jumat:[10.00-18.00], Sabtu:[10.00-18.00], Minggu:[11.00-17.00], Senin:[10.00-18.00], Selasa:[10.00-18.00]",tempat parkir,1,2,no
Master Juice,"Jl. Malioboro No.173, Sosromenduran, Gedong Tengen, Kota Yogyakarta, Daerah Istimewa Yogyakarta 55271",Sosromenduran,Juice,"(0274) 626200, +62 274 626200",17,4.2,https://www.google.com/maps?cid=10888466739516039827,-7.7909083,110.3657997,,,"Rabu:[09.00-18.00], Kamis:[09.00-18.00], Jumat:[09.00-18.00], Sabtu:[09.00-18.00], Minggu:[09.00-18.00], Senin:[09.00-18.00], Selasa:[09.00-18.00]",tempat parkir,1,2,no
Tebu Express,"Wonorejo, Sariharjo, Kec. Ngaglik, Kabupaten Sleman, Daerah Istimewa Yogyakarta",Kec. Ngaglik,Juice,"0857-2982-8886, +62 857-2982-8886",12,4.8,https://www.google.com/maps?cid=6642355125339039324,-7.7526973,110.3848386,https://tebu-express.business.site/?utm_source=gmb&utm_medium=referral,tebu-express.business.site,"Rabu:[09.30-19.30], Kamis:[09.30-19.30], Jumat:[09.30-19.30], Sabtu:[09.30-19.30], Minggu:[09.30-19.30], Senin:[09.30-19.30], Selasa:[09.30-19.30]",tempat parkir,1,2,no
Nolda Pocha Jogja,"depan gardu PLN, Jl. Kaliurang No.7.8, Ngabean Kulon, Sinduharjo, Kec. Ngaglik, Kabupaten Sleman, Daerah Istimewa Yogyakarta",Jl. Kaliurang No.7.8,"Korean restaurant, Instagrammable","0851-7507-8009, +62 851-7507-8009",90,4.8,https://www.google.com/maps?cid=17061173118776923661,-7.7389406,110.3925227,,,"Rabu:[15.00-22.00], Kamis:[15.00-22.00], Jumat:[15.00-00.00], Sabtu:[15.00-00.00], Minggu:[15.00-00.00], Senin:[15.00-22.00], Selasa:[15.00-22.00]",tempat parkir,3,5,no
WANAWATU,"6FJV+QR7, Sumberwatu, Sambirejo, Kec. Prambanan, Kabupaten Sleman, Daerah Istimewa Yogyakarta 55572","Sumberwatu, Sambirejo","Indonesian restaurant, Instagrammable, Authentic restaurant","0851-7339-3002, +62 851-7339-3002",206,4.3,https://www.google.com/maps?cid=4447308608851420003,-7.7684149,110.494834,,,"Rabu:[11.00-20.00], Kamis:[11.00-20.00], Jumat:[11.00-20.00], Sabtu:[11.00-20.00], Minggu:[11.00-20.00], Senin:[11.00-20.00], Selasa:[11.00-20.00]","tempat parkir, colokan, wifi, mushalla / tempat shalat, live music, ruangan indoor, ruangan outdoor, smoking area",3,3,no
Suwatu By Mil & Bay,"Sumberwatu, Sambirejo, Kec. Prambanan, Kabupaten Sleman, Daerah Istimewa Yogyakarta 55572",Kec. Prambanan,"Indonesian restaurant, Authentic restaurant, Instagrammable","0821-9043-1561, +62 821-9043-1561",1287,4.5,https://www.google.com/maps?cid=5092591017398625965,-7.7680839,110.4940659,http://bit.ly/BOOKINGSUWATU,bit.ly,"Rabu:[11.00-20.00], Kamis:[11.00-20.00], Jumat:[11.00-20.00], Sabtu:[11.00-20.00], Minggu:[11.00-20.00], Senin:[Tutup], Selasa:[11.00-20.00]","tempat parkir, colokan, wifi, mushalla / tempat shalat, live music, ruangan indoor, ruangan outdoor, smoking area",3,3,no
ABHAYAGIRI - Venue and Dining,"Heritage Resort, Sumberwatu, RT.02/RW.01, Sumberwatu, Sambirejo, Kec. Prambanan, Kabupaten Sleman, Daerah Istimewa Yogyakarta 55571",Sumberwatu,"Indonesian restaurant, Indonesian restaurant western, Authentic restaurant, Instagrammable","0811-2934-422, +62 811-2934-422",5069,4.4,https://www.google.com/maps?cid=2128003570228593770,-7.7686119,110.4966654,http://www.sumberwatuheritage.com/,sumberwatuheritage.com,"Rabu:[11.00-21.30], Kamis:[11.00-21.30], Jumat:[11.00-21.30], Sabtu: [11.00-22.00], Minggu: [11.00-22.00], Senin: [11.00-21.30], Selasa: [11.00-21.30]","tempat parkir, colokan, wifi, mushalla / tempat shalat, live music, ruangan indoor, ruangan outdoor, smoking area",5,5,no
Osea Resto and Bar Jogja,"Jl. Pakem - Turi No.23, Blembem Lor, Harjobinangun, Kec. Pakem, Kabupaten Sleman, Daerah Istimewa Yogyakarta 55582","Blembem Lor, Harjobinangun","Bar, Cafe, Instagrammable, Indonesian restaurant","0812-2989-0007, +62 812-2989-0007",388,4.3,https://www.google.com/maps?cid=4625317183441587206,-7.6605544,110.4120157,,,"Rabu:[10.00-20.00], Kamis:[10.00-20.00], Jumat:[10.00-20.00], Sabtu:[10.00-21.00], Minggu:[10.00-21.00], Senin:[10.00-20.00], Selasa:[10.00-20.00]","tempat parkir, colokan, wifi, mushalla / tempat shalat, live music, ruangan indoor, ruangan outdoor, smoking area",3,3,no
Candhari Heaven,"6FJR+PW8, Gatak, Bokoharjo, Kec. Prambanan, Kabupaten Sleman, Daerah Istimewa Yogyakarta 55572","Gatak, Bokoharjo","Indonesian restaurant, Authentic restaurant, Instagrammable","(0274) 2855118, +62 274 2855118",935,4.6,https://www.google.com/maps?cid=5693516560979792340,-7.7682621,110.4923595,https://www.instagram.com/candhariheaven/,instagram.com,"Rabu:[11.00-20.00], Kamis:[11.00-20.00], Jumat:[11.00-20.00], Sabtu:[11.00-20.00], Minggu:[11.00-20.00], Senin:[11.00-20.00], Selasa:[11.00-20.00]","tempat parkir, colokan, wifi, mushalla / tempat shalat, live music, ruangan indoor, ruangan outdoor, smoking area",3,5,no
Gudeg Yu Narni Beran,"Jl. Magelang No.Km.11, Beran Lor, Tridadi, Kec. Sleman, Kota Yogyakarta, Daerah Istimewa Yogyakarta 55511","Beran Lor, Tridadi","Javanese restaurant, Breakfast restaurant, Authentic restaurant","0812-1201-102, +62 812-1201-102",648,4.4,https://www.google.com/maps?cid=9492984150387777166,-7.7105239,110.3562364,http://gudegyunarni.com/?utm_source=gmb&utm_medium=referral,gudegyunarni.com,"Rabu:[05.00-19.15], Kamis:[05.00-19.15], Jumat:[05.00-19.15], Sabtu:[05.00-19.15], Minggu:[05.00-19.15], Senin:[05.00-19.15], Selasa:[05.00-19.15]","tempat parkir, mushalla / tempat shalat",3,4,no
Gudeg Bu Hj. Amad,"Jalan Kaliurang KM.4,5 Blok CT3 No.5, Jl. Kaliurang No.2, Kocoran, Caturtunggal, Kec. Depok, Kabupaten Sleman, Daerah Istimewa Yogyakarta 55281",Jl. Kaliurang No.2,"Javanese restaurant, Breakfast restaurant, Authentic restaurant","(0274) 520049, +62 274 520049",7692,4.5,https://www.google.com/maps?cid=6448417004332583499,-7.7658341,110.3793685,,,"Rabu:[05.30-22.00], Kamis:[05.30-22.00], Jumat:[05.30-22.00], Sabtu:[05.30-22.00], Minggu:[05.30-22.00], Senin:[05.30-22.00], Selasa:[05.30-22.00]","tempat parkir, mushalla / tempat shalat",3,4,no
Gudeg Bu Djuminten,"Jl. Asem Gede No.14, Cokrodiningratan, Kec. Jetis, Kota Yogyakarta, Daerah Istimewa Yogyakarta 55233",Cokrodiningratan,"Javanese restaurant, Authentic restaurant","(0274) 561151, +62 274 561151",1507,4.5,https://www.google.com/maps?cid=4677005286249622383,-7.7815938,110.3626945,,,"Rabu:[08.00-20.00], Kamis:[08.00-20.00], Jumat:[08.00-20.00], Sabtu:[08.00-20.00], Minggu:[08.00-20.00], Senin:[08.00-20.00], Selasa:[08.00-20.00]",tempat parkir,3,4,no
Gudeg Yu Narni Tugu,"Jl. Margo Utomo Jl. Kb. Dalem, Gowongan, Kec. Jetis, Kota Yogyakarta, Daerah Istimewa Yogyakarta 55233",Gowongan,"Javanese restaurant, Breakfast restaurant, Authentic restaurant","0812-3111-8825, +62 812-3111-8825",615,4.4,https://www.google.com/maps?cid=5912664179654071287,-7.783978,110.3671608,,,"Rabu:[05.10-21.00], Kamis:[05.10-21.00], Jumat:[05.10-21.00], Sabtu:[05.10-21.00], Minggu:[05.10-21.00], Senin:[05.10-21.00], Selasa:[05.10-21.00]","tempat parkir, mushalla / tempat shalat",3,4,no
Gudeg ayu jogja mulungan,"Mulungan kulon rt 04 rw 14 Masuk gang mepet pos BPR panca arta, Mulungan Kulon, Sendangadi, Kec. Mlati, Kabupaten Sleman, Daerah Istimewa Yogyakarta 55285","Mulungan Kulon, Sendangadi","Javanese restaurant, Breakfast restaurant, Authentic restaurant","0831-4465-1211, +62 831-4465-1211",12,4.9,https://www.google.com/maps?cid=12188010360483521020,-7.7257699,110.3621342,,,"Rabu:[05.30-22.00], Kamis:[05.30-22.00], Jumat:[05.30-22.00], Sabtu:[05.30-22.00], Minggu:[04.00-22.00], Senin:[05.30-22.00], Selasa:[05.30-22.00]",tempat parkir,3,4,no
Gudeg Bu Cip Jakal,"Jl. Kapten Haryadi No.102, Dayakan, Sardonoharjo, Kec. Ngaglik, Kabupaten Sleman, Daerah Istimewa Yogyakarta 55581","Dayakan, Sardonoharjo","Javanese restaurant, Breakfast restaurant, Authentic restaurant","0822-2737-4869, +62 822-2737-4869",11,4.9,https://www.google.com/maps?cid=18129036326047678224,-7.7255447,110.3958231,http://gudegonlinejogja.wordpress.com/,gudegonlinejogja.wordpress.com,"Rabu:[05.30-12.00], Kamis:[05.30-12.00], Jumat:[05.30-11.45], Sabtu:[05.30-12.00], Minggu:[05.30-12.00], Senin:[05.30-12.00], Selasa:[05.30-12.00]",tempat parkir,3,4,no
Gudeg Mercon Mbak Yuni,"Jl. Pangeran Diponegoro No.100, Cokrodiningratan, Kec. Jetis, Kota Yogyakarta, Daerah Istimewa Yogyakarta 55231",Cokrodiningratan,"Indonesian restaurant, Indonesian restaurant, Rumah makan","0877-3811-1197, +62 877-3811-1197",1162,4.4,https://www.google.com/maps?cid=2296597556391838463,-7.7827059,110.3619933,,,"Rabu:[18.30-00.00], Kamis:[18.30-00.00], Jumat:[18.30-00.00], Sabtu:[18.30-00.00], Minggu:[18.30-00.00], Senin:[18.30-00.00], Selasa:[18.30-00.00]",tempat parkir,3,4,no
Gudeg Asli Mbok Ginuk Palagan,"Jl. Kapten Haryadi Ngebel Gede No.39, Lojajar, Sinduharjo, Kec. Ngaglik, Kabupaten Sleman, Daerah Istimewa Yogyakarta 55581","Lojajar, Sinduharjo","Javanese restaurant, Breakfast restaurant, Authentic restaurant","0857-1299-0372, +62 857-1299-0372",26,4.7,https://www.google.com/maps?cid=15203323889008614750,-7.7210682,110.3852123,,,"Rabu:[06.00-12.00], Kamis:[06.00-12.00], Jumat:[06.00-12.00], Sabtu:[06.00-12.00], Minggu:[06.00-12.00], Senin:[06.00-12.00], Selasa:[06.00-12.00]",tempat parkir,3,4,no
Gudeg Mercon Bu Tinah,"Jl. Asem Gede No.8, Cokrodiningratan, Kec. Jetis, Kota Yogyakarta, Daerah Istimewa Yogyakarta 55233",Cokrodiningratan,"Javanese restaurant, Rumah Makan","0818-0418-7537, +62 818-0418-7537",2803,4.2,https://www.google.com/maps?cid=16253880186252944058,-7.7814788,110.3626715,,,"Rabu:[21.00-01.00], Kamis:[21.00-01.00], Jumat:[21.00-01.00], Sabtu:[21.00-01.00], Minggu:[21.00-01.00], Senin:[21.00-01.00], Selasa:[21.00-01.00]",tempat parkir,3,4,no
Bowl-Ling Fruit Bar & Kitchen Concat,"Jl. Bedrek, Sanggrahan, Condongcatur, Kec. Depok, Kabupaten Sleman, Daerah Istimewa Yogyakarta 55281","Sanggrahan, Condongcatur","Indonesian restaurant, Vegetarian","0813-2688-8553, +62 813-2688-8553",2926,4.5,https://www.google.com/maps?cid=2478051562654331004,-7.7515453,110.3990901,https://desty.page/bowlling,desty.page,"Rabu:[11.00-22.00], Kamis:[11.00-22.00], Jumat:[11.00-22.00], Sabtu:[11.00-23.00], Minggu:[11.00-23.00], Senin:[11.00-22.00], Selasa:[11.00-22.00]","tempat parkir, colokan, wifi, mushalla / tempat shalat, tempat bermain anak",3,3,no
Nasi Bebek Sanjay,"Jl. Raya Krangkungan, Sanggrahan, Condongcatur, Kec. Depok, Kabupaten Sleman, Daerah Istimewa Yogyakarta 55281",Jl. Raya Krangkungan,"Indonesian restaurant, Rumah makan, Duck specialty restaurant",,180,4.01,https://www.google.com/maps?cid=2169495956263742720,-7.749808,110.400741,,,"Senin: [15.00-22.00], Selasa: [15.00-22.00], Rabu: [15.00-22.00], Kamis: [15.00-22.00], Jumat: [15.00-22.00], Sabtu: [15.00-22.00], Minggu: [15.00-22.00]",tempat parkir,3,2,no
Nasi Bebek Mbak Desi,"Joho, Condongcatur, Kec. Depok, Kabupaten Sleman, Daerah Istimewa Yogyakarta 55281",Condoncatur,"Indonesian restaurant, Rumah makan, Duck specialty restaurant","0855-8603-818, +62 855-8603-818",545,4.5,https://www.google.com/maps?cid=9183572846044461814,-7.7467573,110.3932511,,,"Rabu:[17.00-23.00], Kamis:[17.00-23.00], Jumat:[17.00-23.00], Sabtu:[17.00-23.00], Minggu:[Tutup], Senin:[17.00-23.00], Selasa:[17.00-23.00]",tempat parkir,3,2,no
Bebek Jogja Paling Enak,"Puluhdadi No.427, Kledokan, Caturtunggal, Kec. Depok, Kabupaten Sleman, Daerah Istimewa Yogyakarta 55281","Kledokan, Caturtunggal","Indonesian restaurant, Rumah makan, Duck specialty restaurant","0813-1574-5086, +62 813-1574-5086",10,4.3,https://www.google.com/maps?cid=13175782733219082342,-7.7648975,110.4136479,http://bebek-jogja-paling-enak.business.site/,business.site,"Rabu:[11.00-23.00], Kamis:[11.00-23.00], Jumat:[13.00-23.00], Sabtu:[11.00-23.00], Minggu:[11.00-23.00], Senin:[11.00-23.00], Selasa:[11.00-23.00]",tempat parkir,3,2,no
BEBEK GORENG SIMPATIK TUGU SAMBAL KOREK,"Jl. Pangeran Diponegoro No.20, Gowongan, Kec. Jetis, Kota Yogyakarta, Daerah Istimewa Yogyakarta 55233",Gowongan,"Indonesian restaurant, Rumah makan, Duck specialty restaurant","0821-3656-3726, +62 821-3656-3726",141,4.5,https://www.google.com/maps?cid=7749965731320235872,-7.7827534,110.365945,,,"Rabu:[18.00-00.00], Kamis:[18.00-00.00], Jumat:[18.00-00.00], Sabtu:[18.00-00.00], Minggu:[18.00-00.00], Senin:[18.00-00.00], Selasa:[18.00-00.00]",tempat parkir,3,2,no
Bebek Goreng Simpatik,"Jalan Magelang No.36, Kutu Patran, Sinduadi, Kec. Mlati, Kabupaten Sleman, Daerah Istimewa Yogyakarta 55284","Kutu Patran, Sinduadi","Indonesian restaurant, Rumah makan, Duck specialty restaurant","0813-9177-5100, +62 813-9177-5100",217,4.4,https://www.google.com/maps?cid=18395093207238650463,-7.7519039,110.362319,http://www.instagram.com/bebekgorengsimpatik,instagram.com,"Rabu:[17.00-00.00], Kamis:[17.00-00.00], Jumat:[17.00-00.00], Sabtu:[17.00-00.00], Minggu:[17.00-00.00], Senin:[17.00-00.00], Selasa:[17.00-00.00]",tempat parkir,3,2,no
BEBEK BALAP RESTO,"Ruko Sagan Suare, Jl. Prof. Herman Yohanes, Terban, Gondokusuman, Yogyakarta City, Special Region of Yogyakarta 55223",Jl. Prof. Herman Yohanes,"Indonesian restaurant, Rumah makan, Duck specialty restaurant","0878-2121-3003, +62 878-2121-3003",500,4.5,https://www.google.com/maps?cid=13811610022852094624,-7.7789826,110.3797569,https://instagram.com/bebekbalapresto,instagram.com,"Rabu:[09.00-21.00], Kamis:[09.00-21.00], Jumat:[09.00-21.00], Sabtu:[09.00-21.00], Minggu:[09.00-21.00], Senin:[09.00-21.00], Selasa:[09.00-21.00]",tempat parkir,3,2,no
Bebek Goreng Pandu,"Jl. C. Simanjuntak No.47, Terban, Kec. Gondokusuman, Kota Yogyakarta, Daerah Istimewa Yogyakarta 55223",Terban,"Indonesian restaurant, Rumah makan, Duck specialty restaurant",,157,4.5,https://www.google.com/maps?cid=1263347926052420753,-7.7798981,110.3728858,http://www.pakndut.co/,pakndut.co,"Rabu:[07.00-21.00], Kamis:[07.00-21.00], Jumat:[07.00-21.00], Sabtu:[07.00-21.00], Minggu:[07.00-21.00], Senin:[07.00-21.00], Selasa:[07.00-21.00]",tempat parkir,3,2,no
Bebek Peking Oye,"Food Garden, Jogja City Mall, Lantai 2, Jalan Magelang No.18, Yogyakarta, Kutu Patran, Sinduadi, Kec. Mlati, Kabupaten Sleman, Daerah Istimewa Yogyakarta 55284","Kutu Patran, Sinduadi","Indonesian restaurant, Rumah makan, Duck specialty restaurant","0878-3421-9263, +62 878-3421-9263",11,4.3,https://www.google.com/maps?cid=6567223960573286023,-7.753233,110.360538,,,"Rabu:[10.00-22.00], Kamis:[10.00-22.00], Jumat:[10.00-22.00], Sabtu:[10.00-22.00], Minggu:[10.00-22.00], Senin:[10.00-22.00], Selasa:[10.00-22.00]",tempat parkir,3,2,no
Nasi Bebek Madura Bumbu Hitam Alif Kricak Kidul,"C, Jl. Magelang No.KM.5 No.63, Kricak, Kec. Tegalrejo, Kota Yogyakarta, Daerah Istimewa Yogyakarta 55242",Kricak,"Indonesian restaurant, Rumah makan, Duck specialty restaurant","0831-1903-9701, +62 831-1903-9701",56,4.7,https://www.google.com/maps?cid=2729479900295612989,-7.7781563,110.3602626,,,"Rabu:[10.00-00.00], Kamis:[10.00-00.00], Jumat:[10.00-00.00], Sabtu:[10.00-00.00], Minggu:[10.00-00.00], Senin:[10.00-00.00], Selasa:[10.00-00.00]",tempat parkir,3,2,no
Gudeg Bromo Bu Tekluk,"Jl. Affandi No.2-A, Santren, Caturtunggal, Kec. Depok, Kabupaten Sleman, Daerah Istimewa Yogyakarta 55281","Santren, Caturtunggal","Javanese restaurant, Pujasera, Authentic restaurant","(0274) 545547, +62 274 545547",2898,4.3,https://www.google.com/maps?cid=2136043059556545556,-7.7737295,110.3895916,,,"Rabu:[23.00-05.00], Kamis:[23.00-05.00], Jumat:[23.00-05.00], Sabtu:[23.00-05.00], Minggu:[23.00-05.00], Senin:[23.00-05.00], Selasa:[23.00-05.00]",tempat parkir,3,2,no
Kepiting Cak Gundul,"Jl. Damai, Gang Watugede, RT.01 / RW.19, Sariharjo, Ngaglik, Wonorejo, Sariharjo, Kec. Ngaglik, Kabupaten Sleman, Daerah Istimewa Yogyakarta 55581","Wonorejo, Sariharjo","Indonesian restaurant, Seafood, Indonesian restaurant Keluarga, Indonesian restaurant, Authentic restaurant","(0274) 885496, +62 274 885496",1925,4.5,https://www.google.com/maps?cid=3160109190388498469,-7.7332461,110.3805795,,,"Rabu:[12.00-21.30], Kamis:[12.00-21.30], Jumat:[12.00-21.30], Sabtu:[12.00-22.00], Minggu:[12.00-22.00], Senin:[12.00-21.30], Selasa:[12.00-21.30]","tempat parkir, mushalla / tempat shalat, ruangan indoor, ruangan outdoor, tempat bermain anak, smoking area",5,5,no
Bakmie Bersahadja 77,"Jl. Petung No.9a, Papringan, Caturtunggal, Kec. Depok, Kabupaten Sleman, Daerah Istimewa Yogyakarta 55281","Papringan, Caturtunggal","Indonesian restauran, Noodle shop, Chinese restaurant",0812-2518-8849,331,4.07,https://www.google.com/maps?cid=11673155868070974380,-7.7814362,110.3956796,https://linktr.ee/bakmiebersahadja77,,"Minggu: [12.30-21.00], Senin: [Tutup], Selasa: [12.30-21.00], Rabu: [12.30-21.00], Kamis: [12.30-21.00], Jumat: [12.30-21.00], Sabtu: [12.30-21.00]","tempat parkir, mushalla / tempat shalat",3,2,no
Waroeng Yanto Jakal,"Jl. Kaliurang No.Km.11, RW.5, Pedak, Sinduharjo, Kec. Ngaglik, Kabupaten Sleman, Daerah Istimewa Yogyakarta 55581","RW.5, Pedak, Sinduharjo","Chinese restaurant, Indonesian restaurant, Seafood, Chicken restaurant",0882-1634-9180,733,4.05,https://www.google.com/maps?cid=16862304917300570864,-7.7106533,110.409242,,,"Minggu: [11.00-21.00], Senin: [11.00-21.00], Selasa: [11.00-21.00], Rabu: [11.00-21.00], Kamis: [11.00-21.00], Jumat: [13.00-21.00], Sabtu: [11.00-21.00]",tempat parkir,3,2,no
Tjemara Noodle Bar - Prawirotaman,"2 MG3/606, Jl. Prawirotaman 2 No.71, Brontokusuman, Kec. Mergangsan, Kota Yogyakarta, Daerah Istimewa Yogyakarta 55153",Jl. Prawirotaman 2 No.71,"Indonesian restauran, Noodle shop, Chinese restaurant",0821-3488-8778,1848,4.06,https://www.google.com/maps?cid=3361379364158946398,-7.8200372,110.370699,,,"Minggu: [10.00-22.00], Senin: [10.00-22.00], Selasa: [10.00-22.00], Rabu: [10.00-22.00], Kamis: [10.00-22.00], Jumat: [10.00-11.30, 13.00-22.00], Sabtu: [10.00-22.00]","tempat parkir, mushalla / tempat shalat",3,2,no
Tjemara Noodle Bar - Sagan,"Jl. Prof. Herman Yohanes No.170, Samirono, Caturtunggal, Kec. Depok, Kabupaten Sleman, Daerah Istimewa Yogyakarta 55223","Samirono, Caturtunggal","Indonesian restauran, Noodle shop, Chinese restaurant",0895-3650-32800,609,4.07,https://www.google.com/maps?cid=2237192013881803263,-7.778606,110.379993,http://desty.page/tjemaranoodlebar,,"Minggu: [10.00-22.00], Senin: [10.00-22.00], Selasa: [10.00-22.00], Rabu: [10.00-22.00], Kamis: [10.00-22.00], Jumat: [10.00-11.30, 13.00-22.00], Sabtu: [10.00-22.00]","tempat parkir, mushalla / tempat shalat",3,2,no
TjeMaRa Noodle Bar - Sleman,"Jl. Merapi No.68, Beran Kidul, Tridadi, Sleman, Sleman Regency, Special Region of Yogyakarta 55511","Beran Kidul, Tridadi","Indonesian restauran, Noodle shop, Chinese restaurant",0851-6139-2689,1475,4.07,https://www.google.com/maps?cid=16045192200567217741,-7.7221872,110.360853,https://msha.ke/tjemaranoodlebar,,"Minggu: [10.00-22.00], Senin: [10.00-22.00], Selasa: [10.00-22.00], Rabu: [10.00-22.00], Kamis: [10.00-22.00], Jumat: [10.00-11.30, 13.00-22.00], Sabtu: [10.00-22.00]","tempat parkir, mushalla / tempat shalat",3,2,no
Zona Seafood - Gejayan,"Jl. Affandi CTX No.83, Karang Gayam, Caturtunggal, Kec. Depok, Kabupaten Sleman, Daerah Istimewa Yogyakarta 55281","Karang Gayam, Caturtunggal","Seafood, Indonesian restaurant, Chicken restaurant",0819-1000-9055,1255,4.07,https://www.google.com/maps?cid=12877207388786235503,-7.7651707,110.392402,http://linktr.ee/Zona.seafood,,"Senin: [15.30-23.00], Selasa: [15.30-23.00], Rabu: [15.30-23.00], Kamis: [15.30-23.00], Jumat: [15.30-23.00], Sabtu: [15.30-23.00], Minggu: [15.30-23.00]",tempat parkir,4,2,no
Zona Seafood - Plengkung Gading,"Jl. Mayjend Sutoyo No.22A, Mantrijeron, Kec. Mantrijeron, Kota Yogyakarta, Daerah Istimewa Yogyakarta 55143",Mantrijeron,"Seafood, Indonesian restaurant, Chicken restaurant",0819-0899-9125,194,4.08,https://www.google.com/maps?cid=14052082731992614647,-7.8143414,110.363846,,,"Senin: [15.30-23.00], Selasa: [15.30-23.00], Rabu: [15.30-23.00], Kamis: [15.30-23.00], Jumat: [15.30-23.00], Sabtu: [15.30-23.00], Minggu: [15.30-23.00]",tempat parkir,4,2,no
Zona Seafood - Kotabaru,"Jl. Abu Bakar Ali No.2, Gowongan, Kec. Gondokusuman, Kota Yogyakarta, Daerah Istimewa Yogyakarta 55224",Gowongan,"Seafood, Indonesian restaurant, Chicken restaurant",0819-3399-9525,1247,4.07,https://www.google.com/maps?cid=15610329612740028322,-7.7894302,110.370297,http://linktr.ee/Zona.seafood,,"Senin: [15.30-23.00], Selasa: [15.30-23.00], Rabu: [15.30-23.00], Kamis: [15.30-23.00], Jumat: [15.30-23.00], Sabtu: [15.30-23.00], Minggu: [15.30-23.00]",tempat parkir,4,2,no
Zona Seafood - Jl. Magelang,"Jl. Magelang No.121, Kutu Dukuh, Sinduadi, Kec. Mlati, Kabupaten Sleman, Daerah Istimewa Yogyakarta 55284","Kutu Dukuh, Sinduadi","Seafood, Indonesian restaurant, Chicken restaurant",0819-1400-0325,1279,4.07,https://www.google.com/maps?cid=4153874966462896748,-7.762581,110.361862,http://linktr.ee/Zona.seafood,,"Senin: [15.30-23.00], Selasa: [15.30-23.00], Rabu: [15.30-23.00], Kamis: [15.30-23.00], Jumat: [15.30-23.00], Sabtu: [15.30-23.00], Minggu: [15.30-23.00]",tempat parkir,4,2,no